left_context,target_word,lemma,probability
У моего отца был счёт в швейцарском,банке,банк,0.9523809523809523
У моего отца был счёт в швейцарском,банке,к,0.047619047619047616
Во избежание ожогов надо нанести на лицо небольшое,количество,количество,1.0
Причиной аварии был мобильный,телефон,звонок,0.03125
Причиной аварии был мобильный,телефон,телефон,0.96875
Врач прописал заживляющую,мазь,мазь,0.8421052631578947
Врач прописал заживляющую,мазь,настойка,0.05263157894736842
Врач прописал заживляющую,мазь,салфетка,0.05263157894736842
Врач прописал заживляющую,мазь,ы,0.05263157894736842
Этот роман захватывает читателя с первой,страницы,страница,0.7647058823529411
Этот роман захватывает читателя с первой,страницы,строка,0.11764705882352941
Этот роман захватывает читателя с первой,страницы,строчка,0.11764705882352941
Судя по огромному,расходу,вклад,0.015037593984962405
Судя по огромному,расходу,влияние,0.015037593984962405
Судя по огромному,расходу,внимание,0.007518796992481203
Судя по огромному,расходу,возмущение,0.007518796992481203
Судя по огромному,расходу,восхищение,0.007518796992481203
Судя по огромному,расходу,впечатление,0.007518796992481203
Судя по огромному,расходу,все,0.007518796992481203
Судя по огромному,расходу,выбор,0.022556390977443608
Судя по огромному,расходу,желание,0.03007518796992481
Судя по огромному,расходу,живот,0.007518796992481203
Судя по огромному,расходу,жизнь,0.007518796992481203
Судя по огромному,расходу,изобилие,0.007518796992481203
Судя по огромному,расходу,интерес,0.03007518796992481
Судя по огромному,расходу,количество,0.3458646616541353
Судя по огромному,расходу,кратер,0.007518796992481203
Судя по огромному,расходу,мир,0.015037593984962405
Судя по огромному,расходу,наплыв,0.007518796992481203
Судя по огромному,расходу,напряжение,0.015037593984962405
Судя по огромному,расходу,недостаток,0.007518796992481203
Судя по огромному,расходу,нос,0.015037593984962405
Судя по огромному,расходу,облако,0.007518796992481203
Судя по огромному,расходу,объем,0.007518796992481203
Судя по огромному,расходу,опыт,0.07518796992481203
Судя по огромному,расходу,потенциал,0.007518796992481203
Судя по огромному,расходу,пространство,0.007518796992481203
Судя по огромному,расходу,прыща,0.007518796992481203
Судя по огромному,расходу,различие,0.007518796992481203
Судя по огромному,расходу,размер,0.08270676691729323
Судя по огромному,расходу,распространение,0.007518796992481203
Судя по огромному,расходу,расстояние,0.015037593984962405
Судя по огромному,расходу,рост,0.03007518796992481
Судя по огромному,расходу,сад,0.007518796992481203
Судя по огромному,расходу,скопление,0.007518796992481203
Судя по огромному,расходу,след,0.007518796992481203
Судя по огромному,расходу,сонми,0.007518796992481203
Судя по огромному,расходу,спрос,0.015037593984962405
Судя по огромному,расходу,стечение,0.007518796992481203
Судя по огромному,расходу,урожай,0.007518796992481203
Судя по огромному,расходу,чемодан,0.03007518796992481
Судя по огромному,расходу,число,0.06015037593984962
Судя по огромному,расходу,шар,0.007518796992481203
Какие главные лекарства должны,входить,брать,0.01639344262295082
Какие главные лекарства должны,входить,быть,0.6885245901639344
Какие главные лекарства должны,входить,всегда,0.01639344262295082
Какие главные лекарства должны,входить,знать,0.01639344262295082
Какие главные лекарства должны,входить,лежать,0.01639344262295082
Какие главные лекарства должны,входить,находиться,0.04918032786885246
Какие главные лекарства должны,входить,помогать,0.03278688524590164
Какие главные лекарства должны,входить,применять,0.01639344262295082
Какие главные лекарства должны,входить,принимать,0.08196721311475409
Какие главные лекарства должны,входить,провоцировать,0.01639344262295082
Какие главные лекарства должны,входить,продавать,0.03278688524590164
Какие главные лекарства должны,входить,стоять,0.01639344262295082
Дорога ведет в глухой,лес,бор,0.011904761904761904
Дорога ведет в глухой,лес,глухой,0.011904761904761904
Дорога ведет в глухой,лес,забросить,0.011904761904761904
Дорога ведет в глухой,лес,закоулок,0.011904761904761904
Дорога ведет в глухой,лес,зарасти,0.011904761904761904
Дорога ведет в глухой,лес,лес,0.7857142857142857
Дорога ведет в глухой,лес,овраг,0.011904761904761904
Дорога ведет в глухой,лес,переулок,0.023809523809523808
Дорога ведет в глухой,лес,поселок,0.023809523809523808
Дорога ведет в глухой,лес,район,0.011904761904761904
Дорога ведет в глухой,лес,тупик,0.03571428571428571
Дорога ведет в глухой,лес,угол,0.011904761904761904
Дорога ведет в глухой,лес,улус,0.011904761904761904
Дорога ведет в глухой,лес,хутор,0.011904761904761904
Дорога ведет в глухой,лес,человек,0.011904761904761904
На газовой плите стояла,открытая,большой,0.01639344262295082
На газовой плите стояла,открытая,кастрюля,0.8688524590163934
На газовой плите стояла,открытая,полный,0.01639344262295082
На газовой плите стояла,открытая,сковород,0.04918032786885246
На газовой плите стояла,открытая,сковородка,0.04918032786885246
В современном,обществе,мир,0.8823529411764706
В современном,обществе,общество,0.058823529411764705
В современном,обществе,читатель,0.058823529411764705
В конверте вместе с деньгами была,обнаружена,ватный,0.0196078431372549
В конверте вместе с деньгами была,обнаружена,вещь,0.0196078431372549
В конверте вместе с деньгами была,обнаружена,душегрейка,0.0196078431372549
В конверте вместе с деньгами была,обнаружена,еще,0.0196078431372549
В конверте вместе с деньгами была,обнаружена,записка,0.5686274509803921
В конверте вместе с деньгами была,обнаружена,зеленый,0.0196078431372549
В конверте вместе с деньгами была,обнаружена,картинка,0.0196078431372549
В конверте вместе с деньгами была,обнаружена,класть,0.0392156862745098
В конверте вместе с деньгами была,обнаружена,конфетка,0.0196078431372549
В конверте вместе с деньгами была,обнаружена,найти,0.0196078431372549
В конверте вместе с деньгами была,обнаружена,открытка,0.13725490196078433
В конверте вместе с деньгами была,обнаружена,поздравительный,0.0196078431372549
В конверте вместе с деньгами была,обнаружена,прикрепить,0.0196078431372549
В конверте вместе с деньгами была,обнаружена,прилагательное,0.0196078431372549
В конверте вместе с деньгами была,обнаружена,скрепка,0.0196078431372549
В конверте вместе с деньгами была,обнаружена,этот,0.0196078431372549
"Выходя замуж, ты надеялась обрести спокойствие, уютный",дом,быт,0.01282051282051282
"Выходя замуж, ты надеялась обрести спокойствие, уютный",дом,дом,0.9230769230769231
"Выходя замуж, ты надеялась обрести спокойствие, уютный",дом,крова,0.01282051282051282
"Выходя замуж, ты надеялась обрести спокойствие, уютный",дом,о,0.01282051282051282
"Выходя замуж, ты надеялась обрести спокойствие, уютный",дом,очаг,0.01282051282051282
"Выходя замуж, ты надеялась обрести спокойствие, уютный",дом,уголок,0.01282051282051282
"Выходя замуж, ты надеялась обрести спокойствие, уютный",дом,чердак,0.01282051282051282
Стала стабильнее экономическая и политическая,обстановка,обстановка,0.14285714285714285
Стала стабильнее экономическая и политическая,обстановка,система,0.07142857142857142
Стала стабильнее экономическая и политическая,обстановка,ситуация,0.7857142857142857
Власть судов была такой,узкой,безграничный,0.1
Власть судов была такой,узкой,большой,0.1
Власть судов была такой,узкой,важный,0.05
Власть судов была такой,узкой,дурной,0.05
Власть судов была такой,узкой,жестокий,0.05
Власть судов была такой,узкой,значительный,0.05
Власть судов была такой,узкой,как,0.05
Власть судов была такой,узкой,какой,0.1
Власть судов была такой,узкой,непоколебимый,0.05
Власть судов была такой,узкой,огромный,0.05
Власть судов была такой,узкой,р,0.05
Власть судов была такой,узкой,сильный,0.25
Власть судов была такой,узкой,что,0.05
Ей хотелось выплеснуть чай на бежевый,юлин,в,0.018867924528301886
Ей хотелось выплеснуть чай на бежевый,юлин,диван,0.07547169811320754
Ей хотелось выплеснуть чай на бежевый,юлин,ковер,0.1509433962264151
Ей хотелось выплеснуть чай на бежевый,юлин,костюм,0.1509433962264151
Ей хотелось выплеснуть чай на бежевый,юлин,пиджак,0.18867924528301888
Ей хотелось выплеснуть чай на бежевый,юлин,платок,0.03773584905660377
Ей хотелось выплеснуть чай на бежевый,юлин,плащ,0.03773584905660377
Ей хотелось выплеснуть чай на бежевый,юлин,плед,0.018867924528301886
Ей хотелось выплеснуть чай на бежевый,юлин,пол,0.03773584905660377
Ей хотелось выплеснуть чай на бежевый,юлин,сарафан,0.018867924528301886
Ей хотелось выплеснуть чай на бежевый,юлин,свитер,0.05660377358490566
Ей хотелось выплеснуть чай на бежевый,юлин,стол,0.11320754716981132
Ей хотелось выплеснуть чай на бежевый,юлин,сюртук,0.03773584905660377
Ей хотелось выплеснуть чай на бежевый,юлин,халат,0.05660377358490566
Шею Лизы украшало ожерелье,стоимостью,вода,0.0625
Шею Лизы украшало ожерелье,стоимостью,из,0.875
Шею Лизы украшало ожерелье,стоимостью,с,0.0625
"За углом ― Морской музей, с бесчисленными моделями",кораблей,боевой,0.029411764705882353
"За углом ― Морской музей, с бесчисленными моделями",кораблей,военный,0.029411764705882353
"За углом ― Морской музей, с бесчисленными моделями",кораблей,корабль,0.8970588235294118
"За углом ― Морской музей, с бесчисленными моделями",кораблей,рыба,0.014705882352941176
"За углом ― Морской музей, с бесчисленными моделями",кораблей,суд,0.029411764705882353
От внимания наблюдателя не должна,ускользать,болеть,0.02040816326530612
От внимания наблюдателя не должна,ускользать,быть,0.02040816326530612
От внимания наблюдателя не должна,ускользать,глагол,0.02040816326530612
От внимания наблюдателя не должна,ускользать,зависеть,0.46938775510204084
От внимания наблюдателя не должна,ускользать,кружиться,0.02040816326530612
От внимания наблюдателя не должна,ускользать,меняться,0.08163265306122448
От внимания наблюдателя не должна,ускользать,получать,0.02040816326530612
От внимания наблюдателя не должна,ускользать,скрываться,0.04081632653061224
От внимания наблюдателя не должна,ускользать,скрыться,0.04081632653061224
От внимания наблюдателя не должна,ускользать,страдать,0.04081632653061224
От внимания наблюдателя не должна,ускользать,уйти,0.02040816326530612
От внимания наблюдателя не должна,ускользать,укрыться,0.04081632653061224
От внимания наблюдателя не должна,ускользать,ускользать,0.04081632653061224
От внимания наблюдателя не должна,ускользать,ускользнуть,0.10204081632653061
От внимания наблюдателя не должна,ускользать,уходить,0.02040816326530612
В числе возможных кандидатов,называют,быть,0.17647058823529413
В числе возможных кандидатов,называют,в,0.11764705882352941
В числе возможных кандидатов,называют,значиться,0.058823529411764705
В числе возможных кандидатов,называют,на,0.5882352941176471
В числе возможных кандидатов,называют,наука,0.058823529411764705
"Зоопарк ― это кусочек другого мира, находящийся в самом",центре,и,0.05263157894736842
"Зоопарк ― это кусочек другого мира, находящийся в самом",центре,интересный,0.05263157894736842
"Зоопарк ― это кусочек другого мира, находящийся в самом",центре,метр,0.05263157894736842
"Зоопарк ― это кусочек другого мира, находящийся в самом",центре,сердце,0.21052631578947367
"Зоопарк ― это кусочек другого мира, находящийся в самом",центре,центр,0.631578947368421
Мне было лень идти на стоянку и сметать,снег,в,0.02564102564102564
Мне было лень идти на стоянку и сметать,снег,весь,0.01282051282051282
Мне было лень идти на стоянку и сметать,снег,все,0.0641025641025641
Мне было лень идти на стоянку и сметать,снег,грязь,0.02564102564102564
Мне было лень идти на стоянку и сметать,снег,лист,0.05128205128205128
Мне было лень идти на стоянку и сметать,снег,мох,0.038461538461538464
Мне было лень идти на стоянку и сметать,снег,мусор,0.07692307692307693
Мне было лень идти на стоянку и сметать,снег,опасть,0.01282051282051282
Мне было лень идти на стоянку и сметать,снег,оттуда,0.02564102564102564
Мне было лень идти на стоянку и сметать,снег,пыль,0.1282051282051282
Мне было лень идти на стоянку и сметать,снег,р,0.01282051282051282
Мне было лень идти на стоянку и сметать,снег,с,0.01282051282051282
Мне было лень идти на стоянку и сметать,снег,снег,0.4358974358974359
Мне было лень идти на стоянку и сметать,снег,сог,0.01282051282051282
Мне было лень идти на стоянку и сметать,снег,стежок,0.01282051282051282
Мне было лень идти на стоянку и сметать,снег,там,0.02564102564102564
Мне было лень идти на стоянку и сметать,снег,этот,0.01282051282051282
Мне было лень идти на стоянку и сметать,снег,ягель,0.01282051282051282
За министром труда тянется целый,шлейф,ворох,0.0625
За министром труда тянется целый,шлейф,перечень,0.0625
За министром труда тянется целый,шлейф,подобный,0.0625
За министром труда тянется целый,шлейф,полк,0.125
За министром труда тянется целый,шлейф,ряд,0.375
За министром труда тянется целый,шлейф,состав,0.0625
За министром труда тянется целый,шлейф,шлейф,0.25
А промывать манную,крупу,каша,0.625
А промывать манную,крупу,крупа,0.3125
А промывать манную,крупу,подобный,0.0625
Если я еще увижу здесь хоть,соринку,бы,0.011363636363636364
Если я еще увижу здесь хоть,соринку,капелька,0.011363636363636364
Если я еще увижу здесь хоть,соринку,капля,0.022727272727272728
Если я еще увижу здесь хоть,соринку,кто-то,0.011363636363636364
Если я еще увижу здесь хоть,соринку,не,0.011363636363636364
Если я еще увижу здесь хоть,соринку,немного,0.022727272727272728
Если я еще увижу здесь хоть,соринку,один,0.7386363636363636
Если я еще увижу здесь хоть,соринку,раз,0.125
Если я еще увижу здесь хоть,соринку,соринка,0.011363636363636364
Если я еще увижу здесь хоть,соринку,что-то,0.03409090909090909
На болотах оставался ещё,лед,в,0.007692307692307693
На болотах оставался ещё,лед,весенний,0.007692307692307693
На болотах оставался ещё,лед,все,0.007692307692307693
На болотах оставался ещё,лед,высокий,0.007692307692307693
На болотах оставался ещё,лед,густой,0.015384615384615385
На болотах оставался ещё,лед,день,0.015384615384615385
На болотах оставался ещё,лед,долго,0.015384615384615385
На болотах оставался ещё,лед,дым,0.007692307692307693
На болотах оставался ещё,лед,едва,0.007692307692307693
На болотах оставался ещё,лед,еле,0.007692307692307693
На болотах оставался ещё,лед,еще,0.007692307692307693
На болотах оставался ещё,лед,живой,0.007692307692307693
На болотах оставался ещё,лед,запах,0.03076923076923077
На болотах оставался ещё,лед,и,0.015384615384615385
На болотах оставался ещё,лед,какой-то,0.007692307692307693
На болотах оставался ещё,лед,легкий,0.03076923076923077
На болотах оставался ещё,лед,лежать,0.015384615384615385
На болотах оставался ещё,лед,липкий,0.007692307692307693
На болотах оставался ещё,лед,лишь,0.007692307692307693
На болотах оставался ещё,лед,мох,0.015384615384615385
На болотах оставался ещё,лед,не,0.038461538461538464
На болотах оставался ещё,лед,небольшой,0.015384615384615385
На болотах оставался ещё,лед,невредимый,0.007692307692307693
На болотах оставался ещё,лед,недоделать,0.007692307692307693
На болотах оставался ещё,лед,неизвестный,0.007692307692307693
На болотах оставался ещё,лед,некоторый,0.007692307692307693
На болотах оставался ещё,лед,нерастаять,0.007692307692307693
На болотах оставался ещё,лед,несколько,0.007692307692307693
На болотах оставался ещё,лед,нетронутый,0.007692307692307693
На болотах оставался ещё,лед,один,0.2692307692307692
На болотах оставался ещё,лед,охотник,0.007692307692307693
На болотах оставался ещё,лед,пока,0.007692307692307693
На болотах оставался ещё,лед,покрыть,0.007692307692307693
На болотах оставался ещё,лед,признак,0.007692307692307693
На болотах оставался ещё,лед,свежий,0.015384615384615385
На болотах оставался ещё,лед,серый,0.007692307692307693
На болотах оставался ещё,лед,след,0.03076923076923077
На болотах оставался ещё,лед,снег,0.046153846153846156
На болотах оставался ещё,лед,странный,0.007692307692307693
На болотах оставался ещё,лед,сухоста,0.007692307692307693
На болотах оставался ещё,лед,сырой,0.007692307692307693
На болотах оставался ещё,лед,талый,0.007692307692307693
На болотах оставался ещё,лед,теплый,0.007692307692307693
На болотах оставался ещё,лед,тихий,0.007692307692307693
На болотах оставался ещё,лед,тоннель,0.007692307692307693
На болотах оставался ещё,лед,тот,0.015384615384615385
На болотах оставался ещё,лед,трава,0.007692307692307693
На болотах оставался ещё,лед,туман,0.12307692307692308
На болотах оставался ещё,лед,урожай,0.015384615384615385
На болотах оставался ещё,лед,утренний,0.007692307692307693
На болотах оставался ещё,лед,холодный,0.007692307692307693
На болотах оставался ещё,лед,целый,0.007692307692307693
На болотах оставался ещё,лед,человек,0.007692307692307693
"Сделав мне знак помолчать, он приложил",ухо,все,0.043010752688172046
"Сделав мне знак помолчать, он приложил",ухо,голова,0.010752688172043012
"Сделав мне знак помолчать, он приложил",ухо,дело,0.010752688172043012
"Сделав мне знак помолчать, он приложил",ухо,к,0.053763440860215055
"Сделав мне знак помолчать, он приложил",ухо,ключ,0.010752688172043012
"Сделав мне знак помолчать, он приложил",ухо,ладонь,0.010752688172043012
"Сделав мне знак помолчать, он приложил",ухо,лед,0.010752688172043012
"Сделав мне знак помолчать, он приложил",ухо,мой,0.010752688172043012
"Сделав мне знак помолчать, он приложил",ухо,палец,0.45161290322580644
"Сделав мне знак помолчать, он приложил",ухо,приложить,0.010752688172043012
"Сделав мне знак помолчать, он приложил",ухо,рука,0.20430107526881722
"Сделав мне знак помолчать, он приложил",ухо,свой,0.010752688172043012
"Сделав мне знак помолчать, он приложил",ухо,уйти,0.021505376344086023
"Сделав мне знак помолчать, он приложил",ухо,усилие,0.053763440860215055
"Сделав мне знак помолчать, он приложил",ухо,ухо,0.08602150537634409
Ваня раскрыл было,рот,было,0.009174311926605505
Ваня раскрыл было,рот,в,0.009174311926605505
Ваня раскрыл было,рот,весь,0.009174311926605505
Ваня раскрыл было,рот,глаз,0.01834862385321101
Ваня раскрыл было,рот,дверь,0.045871559633027525
Ваня раскрыл было,рот,дело,0.03669724770642202
Ваня раскрыл было,рот,для,0.009174311926605505
Ваня раскрыл было,рот,журнал,0.01834862385321101
Ваня раскрыл было,рот,замок,0.009174311926605505
Ваня раскрыл было,рот,и,0.009174311926605505
Ваня раскрыл было,рот,карта,0.009174311926605505
Ваня раскрыл было,рот,книга,0.30275229357798167
Ваня раскрыл было,рот,конверт,0.01834862385321101
Ваня раскрыл было,рот,коробка,0.027522935779816515
Ваня раскрыл было,рот,ладонь,0.009174311926605505
Ваня раскрыл было,рот,мешок,0.009174311926605505
Ваня раскрыл было,рот,окно,0.027522935779816515
Ваня раскрыл было,рот,пакет,0.01834862385321101
Ваня раскрыл было,рот,пальто,0.009174311926605505
Ваня раскрыл было,рот,пачка,0.009174311926605505
Ваня раскрыл было,рот,подарок,0.009174311926605505
Ваня раскрыл было,рот,подобный,0.009174311926605505
Ваня раскрыл было,рот,преступление,0.009174311926605505
Ваня раскрыл было,рот,ра,0.009174311926605505
Ваня раскрыл было,рот,рот,0.22935779816513763
Ваня раскрыл было,рот,свой,0.009174311926605505
Ваня раскрыл было,рот,секрет,0.01834862385321101
Ваня раскрыл было,рот,ставень,0.009174311926605505
Ваня раскрыл было,рот,тайна,0.027522935779816515
Ваня раскрыл было,рот,тетрадь,0.03669724770642202
Ваня раскрыл было,рот,что,0.009174311926605505
Ваня раскрыл было,рот,это,0.009174311926605505
Но четыре года я не мог себя,заставить,заставить,0.26666666666666666
Но четыре года я не мог себя,заставить,остановить,0.06666666666666667
Но четыре года я не мог себя,заставить,понять,0.13333333333333333
Но четыре года я не мог себя,заставить,преодолеть,0.06666666666666667
Но четыре года я не мог себя,заставить,простить,0.13333333333333333
Но четыре года я не мог себя,заставить,сдерживать,0.06666666666666667
Но четыре года я не мог себя,заставить,содержать,0.06666666666666667
Но четыре года я не мог себя,заставить,убедить,0.06666666666666667
Но четыре года я не мог себя,заставить,уговорить,0.06666666666666667
Но четыре года я не мог себя,заставить,успокоить,0.06666666666666667
Возможности этих перемен будут обсуждаться в Париже,летом,а,0.047619047619047616
Возможности этих перемен будут обсуждаться в Париже,летом,в,0.09523809523809523
Возможности этих перемен будут обсуждаться в Париже,летом,завтра,0.047619047619047616
Возможности этих перемен будут обсуждаться в Париже,летом,иначе,0.047619047619047616
Возможности этих перемен будут обсуждаться в Париже,летом,к,0.047619047619047616
Возможности этих перемен будут обсуждаться в Париже,летом,на,0.5714285714285714
Возможности этих перемен будут обсуждаться в Париже,летом,осень,0.047619047619047616
Возможности этих перемен будут обсуждаться в Париже,летом,человек,0.047619047619047616
Возможности этих перемен будут обсуждаться в Париже,летом,этот,0.047619047619047616
Отвернув цветастое,покрывало,а,0.058823529411764705
Отвернув цветастое,покрывало,одеяло,0.11764705882352941
Отвернув цветастое,покрывало,пальто,0.058823529411764705
Отвернув цветастое,покрывало,платье,0.35294117647058826
Отвернув цветастое,покрывало,по,0.058823529411764705
Отвернув цветастое,покрывало,покрывать,0.29411764705882354
Отвернув цветастое,покрывало,полотно,0.058823529411764705
"Я люблю салат из картошки с зеленью, заправленный",пахучим,NOT_FOUND,0.011235955056179775
"Я люблю салат из картошки с зеленью, заправленный",пахучим,майонез,0.4157303370786517
"Я люблю салат из картошки с зеленью, заправленный",пахучим,масло,0.20224719101123595
"Я люблю салат из картошки с зеленью, заправленный",пахучим,оливковый,0.02247191011235955
"Я люблю салат из картошки с зеленью, заправленный",пахучим,подсолнечный,0.0898876404494382
"Я люблю салат из картошки с зеленью, заправленный",пахучим,постный,0.011235955056179775
"Я люблю салат из картошки с зеленью, заправленный",пахучим,растительный,0.0449438202247191
"Я люблю салат из картошки с зеленью, заправленный",пахучим,свежий,0.011235955056179775
"Я люблю салат из картошки с зеленью, заправленный",пахучим,сметана,0.19101123595505617
Убедительно просим вас разборчиво заполнять,купон,анкета,0.25
Убедительно просим вас разборчиво заполнять,купон,бланк,0.4375
Убедительно просим вас разборчиво заполнять,купон,все,0.0625
Убедительно просим вас разборчиво заполнять,купон,документ,0.0625
Убедительно просим вас разборчиво заполнять,купон,квитанция,0.0625
Убедительно просим вас разборчиво заполнять,купон,тонна,0.0625
Убедительно просим вас разборчиво заполнять,купон,форма,0.0625
"Собаку, виновницу случившегося, приказали",сечь,выгнать,0.06666666666666667
"Собаку, виновницу случившегося, приказали",сечь,запереть,0.06666666666666667
"Собаку, виновницу случившегося, приказали",сечь,не,0.06666666666666667
"Собаку, виновницу случившегося, приказали",сечь,отвезти,0.06666666666666667
"Собаку, виновницу случившегося, приказали",сечь,пристрелить,0.06666666666666667
"Собаку, виновницу случившегося, приказали",сечь,прогнать,0.06666666666666667
"Собаку, виновницу случившегося, приказали",сечь,расстрелять,0.06666666666666667
"Собаку, виновницу случившегося, приказали",сечь,сторожить,0.06666666666666667
"Собаку, виновницу случившегося, приказали",сечь,убить,0.2
"Собаку, виновницу случившегося, приказали",сечь,усыпить,0.2
"Собаку, виновницу случившегося, приказали",сечь,утопить,0.06666666666666667
"Покуда я нахожусь у власти, я буду предметом",ярых,в,0.018867924528301886
"Покуда я нахожусь у власти, я буду предметом",ярых,всеобщий,0.1320754716981132
"Покуда я нахожусь у власти, я буду предметом",ярых,гордость,0.03773584905660377
"Покуда я нахожусь у власти, я буду предметом",ярых,для,0.03773584905660377
"Покуда я нахожусь у власти, я буду предметом",ярых,зависть,0.05660377358490566
"Покуда я нахожусь у власти, я буду предметом",ярых,искусство,0.018867924528301886
"Покуда я нахожусь у власти, я буду предметом",ярых,клевета,0.018867924528301886
"Покуда я нахожусь у власти, я буду предметом",ярых,критика,0.09433962264150944
"Покуда я нахожусь у власти, я буду предметом",ярых,манипуляция,0.018867924528301886
"Покуда я нахожусь у власти, я буду предметом",ярых,нападки,0.03773584905660377
"Покуда я нахожусь у власти, я буду предметом",ярых,насмешка,0.03773584905660377
"Покуда я нахожусь у власти, я буду предметом",ярых,обожание,0.018867924528301886
"Покуда я нахожусь у власти, я буду предметом",ярых,обсуждение,0.24528301886792453
"Покуда я нахожусь у власти, я буду предметом",ярых,подражание,0.018867924528301886
"Покуда я нахожусь у власти, я буду предметом",ярых,поклонение,0.018867924528301886
"Покуда я нахожусь у власти, я буду предметом",ярых,постоянный,0.018867924528301886
"Покуда я нахожусь у власти, я буду предметом",ярых,пристальный,0.018867924528301886
"Покуда я нахожусь у власти, я буду предметом",ярых,сплетна,0.09433962264150944
"Покуда я нахожусь у власти, я буду предметом",ярых,уважение,0.018867924528301886
"Покуда я нахожусь у власти, я буду предметом",ярых,честь,0.018867924528301886
"Покуда я нахожусь у власти, я буду предметом",ярых,ярый,0.018867924528301886
"Олень бродил среди берёз, жевал",талый,кора,0.2
"Олень бродил среди берёз, жевал",талый,лист,0.06666666666666667
"Олень бродил среди берёз, жевал",талый,листва,0.06666666666666667
"Олень бродил среди берёз, жевал",талый,мох,0.2
"Олень бродил среди берёз, жевал",талый,сухой,0.06666666666666667
"Олень бродил среди берёз, жевал",талый,трава,0.26666666666666666
"Олень бродил среди берёз, жевал",талый,травка,0.13333333333333333
Телята быстро,росли,бегать,0.05555555555555555
Телята быстро,росли,взрослеть,0.05555555555555555
Телята быстро,росли,встать,0.05555555555555555
Телята быстро,росли,вырасти,0.05555555555555555
Телята быстро,росли,есть,0.05555555555555555
Телята быстро,росли,метр,0.05555555555555555
Телята быстро,росли,подрасти,0.05555555555555555
Телята быстро,росли,пойти,0.05555555555555555
Телята быстро,росли,привыкнуть,0.05555555555555555
Телята быстро,росли,расти,0.2777777777777778
Телята быстро,росли,стать,0.05555555555555555
Телята быстро,росли,убежать,0.05555555555555555
Телята быстро,росли,учиться,0.05555555555555555
Телята быстро,росли,щебня,0.05555555555555555
Что может сделать самый сильный,вол,а,0.009009009009009009
Что может сделать самый сильный,вол,аппарат,0.009009009009009009
Что может сделать самый сильный,вол,атлет,0.009009009009009009
Что может сделать самый сильный,вол,в,0.018018018018018018
Что может сделать самый сильный,вол,ветер,0.036036036036036036
Что может сделать самый сильный,вол,двигатель,0.018018018018018018
Что может сделать самый сильный,вол,жить,0.009009009009009009
Что может сделать самый сильный,вол,зверь,0.009009009009009009
Что может сделать самый сильный,вол,и,0.036036036036036036
Что может сделать самый сильный,вол,из,0.009009009009009009
Что может сделать самый сильный,вол,лев,0.009009009009009009
Что может сделать самый сильный,вол,медведь,0.009009009009009009
Что может сделать самый сильный,вол,мужчина,0.018018018018018018
Что может сделать самый сильный,вол,на,0.009009009009009009
Что может сделать самый сильный,вол,препарат,0.009009009009009009
Что может сделать самый сильный,вол,растворитель,0.009009009009009009
Что может сделать самый сильный,вол,робот,0.009009009009009009
Что может сделать самый сильный,вол,сильный,0.009009009009009009
Что может сделать самый сильный,вол,слон,0.02702702702702703
Что может сделать самый сильный,вол,спортсмен,0.018018018018018018
Что может сделать самый сильный,вол,человек,0.7117117117117117
"Твоё тело расслабляется, и исчезает",напряжение,боль,0.13333333333333333
"Твоё тело расслабляется, и исчезает",напряжение,в,0.13333333333333333
"Твоё тело расслабляется, и исчезает",напряжение,зажим,0.06666666666666667
"Твоё тело расслабляется, и исчезает",напряжение,напряжение,0.2
"Твоё тело расслабляется, и исчезает",напряжение,напряженность,0.13333333333333333
"Твоё тело расслабляется, и исчезает",напряжение,тяжесть,0.06666666666666667
"Твоё тело расслабляется, и исчезает",напряжение,усталость,0.26666666666666666
С нескрываемой,едкой,досада,0.07142857142857142
С нескрываемой,едкой,зависть,0.14285714285714285
С нескрываемой,едкой,злоба,0.14285714285714285
С нескрываемой,едкой,злость,0.07142857142857142
С нескрываемой,едкой,нежность,0.07142857142857142
С нескрываемой,едкой,радость,0.5
Он признаёт право каждого,жить,апр,0.047619047619047616
Он признаёт право каждого,жить,из,0.047619047619047616
Он признаёт право каждого,жить,к,0.047619047619047616
Он признаёт право каждого,жить,на,0.2857142857142857
Он признаёт право каждого,жить,человек,0.5714285714285714
У нас в Волгограде многие придерживаются,иной,вера,0.014925373134328358
У нас в Волгограде многие придерживаются,иной,взгляд,0.014925373134328358
У нас в Волгограде многие придерживаются,иной,знание,0.014925373134328358
У нас в Волгограде многие придерживаются,иной,идея,0.029850746268656716
У нас в Волгограде многие придерживаются,иной,иной,0.014925373134328358
У нас в Волгограде многие придерживаются,иной,консервативный,0.07462686567164178
У нас в Волгограде многие придерживаются,иной,мнение,0.26865671641791045
У нас в Волгограде многие придерживаются,иной,мода,0.014925373134328358
У нас в Волгограде многие придерживаются,иной,определенный,0.029850746268656716
У нас в Волгограде многие придерживаются,иной,пост,0.014925373134328358
У нас в Волгограде многие придерживаются,иной,правило,0.14925373134328357
У нас в Волгограде многие придерживаются,иной,правый,0.014925373134328358
У нас в Волгограде многие придерживаются,иной,простой,0.014925373134328358
У нас в Волгограде многие придерживаются,иной,свой,0.014925373134328358
У нас в Волгограде многие придерживаются,иной,следующий,0.029850746268656716
У нас в Волгограде многие придерживаются,иной,старый,0.08955223880597014
У нас в Волгограде многие придерживаются,иной,такой,0.1044776119402985
У нас в Волгограде многие придерживаются,иной,тот,0.014925373134328358
У нас в Волгограде многие придерживаются,иной,традиционный,0.014925373134328358
У нас в Волгограде многие придерживаются,иной,традиция,0.014925373134328358
У нас в Волгограде многие придерживаются,иной,это,0.014925373134328358
У нас в Волгограде многие придерживаются,иной,этот,0.029850746268656716
Чтобы придать объем,тонким,волос,0.4444444444444444
Чтобы придать объем,тонким,дятел,0.05555555555555555
Чтобы придать объем,тонким,и,0.05555555555555555
Чтобы придать объем,тонким,метр,0.05555555555555555
Чтобы придать объем,тонким,прическа,0.05555555555555555
Чтобы придать объем,тонким,ресница,0.05555555555555555
Чтобы придать объем,тонким,свой,0.16666666666666666
Чтобы придать объем,тонким,это,0.05555555555555555
Чтобы придать объем,тонким,этот,0.05555555555555555
В каждом,углу,быть,0.03076923076923077
В каждом,углу,город,0.07692307692307693
В каждом,углу,двор,0.015384615384615385
В каждом,углу,дом,0.3076923076923077
В каждом,углу,из,0.18461538461538463
В каждом,углу,кусок,0.015384615384615385
В каждом,углу,маленький,0.046153846153846156
В каждом,углу,населить,0.015384615384615385
В каждом,углу,обвисло,0.015384615384615385
В каждом,углу,пкундутп,0.015384615384615385
В каждом,углу,поступок,0.015384615384615385
В каждом,углу,р,0.015384615384615385
В каждом,углу,село,0.015384615384615385
В каждом,углу,слово,0.015384615384615385
В каждом,углу,случай,0.03076923076923077
В каждом,углу,человек,0.18461538461538463
Когда мне хотелось,сгущенки,бежать,0.041666666666666664
Когда мне хотелось,сгущенки,быть,0.16666666666666666
Когда мне хотелось,сгущенки,выпить,0.041666666666666664
Когда мне хотелось,сгущенки,говорить,0.08333333333333333
Когда мне хотелось,сгущенки,домой,0.041666666666666664
Когда мне хотелось,сгущенки,жить,0.041666666666666664
Когда мне хотелось,сгущенки,кушать,0.041666666666666664
Когда мне хотелось,сгущенки,летать,0.041666666666666664
Когда мне хотелось,сгущенки,немного,0.041666666666666664
Когда мне хотелось,сгущенки,отвлечься,0.041666666666666664
Когда мне хотелось,сгущенки,петь,0.041666666666666664
Когда мне хотелось,сгущенки,пить,0.041666666666666664
Когда мне хотелось,сгущенки,пойти,0.041666666666666664
Когда мне хотелось,сгущенки,покой,0.041666666666666664
Когда мне хотелось,сгущенки,получить,0.041666666666666664
Когда мне хотелось,сгущенки,сладкий,0.041666666666666664
Когда мне хотелось,сгущенки,спать,0.125
Когда мне хотелось,сгущенки,уволиться,0.041666666666666664
Педагог предъявляет,одинаковые,высокий,0.13333333333333333
Педагог предъявляет,одинаковые,значительный,0.06666666666666667
Педагог предъявляет,одинаковые,повысить,0.13333333333333333
Педагог предъявляет,одинаковые,претензия,0.06666666666666667
Педагог предъявляет,одинаковые,свой,0.06666666666666667
Педагог предъявляет,одинаковые,слишком,0.13333333333333333
Педагог предъявляет,одинаковые,студент,0.06666666666666667
Педагог предъявляет,одинаковые,требование,0.3333333333333333
Ее сын Гриша умер,бездетным,в,0.3333333333333333
Ее сын Гриша умер,бездетным,когда,0.05555555555555555
Ее сын Гриша умер,бездетным,месяц,0.05555555555555555
Ее сын Гриша умер,бездетным,несколько,0.05555555555555555
Ее сын Гриша умер,бездетным,от,0.3888888888888889
Ее сын Гриша умер,бездетным,прошлый,0.05555555555555555
Ее сын Гриша умер,бездетным,рано,0.05555555555555555
Ненужный коврик из твёрдой,пластмассы,материя,0.07692307692307693
Ненужный коврик из твёрдой,пластмассы,пластмасса,0.07692307692307693
Ненужный коврик из твёрдой,пластмассы,р,0.07692307692307693
Ненужный коврик из твёрдой,пластмассы,резина,0.23076923076923078
Ненужный коврик из твёрдой,пластмассы,сталь,0.07692307692307693
Ненужный коврик из твёрдой,пластмассы,ткань,0.38461538461538464
Ненужный коврик из твёрдой,пластмассы,шерсть,0.07692307692307693
"Мне нравится сын коллеги,",который,а,0.022988505747126436
"Мне нравится сын коллеги,",который,вот,0.011494252873563218
"Мне нравится сын коллеги,",который,и,0.011494252873563218
"Мне нравится сын коллеги,",который,когда,0.011494252873563218
"Мне нравится сын коллеги,",который,который,0.45977011494252873
"Мне нравится сын коллеги,",который,машь,0.011494252873563218
"Мне нравится сын коллеги,",который,но,0.16091954022988506
"Мне нравится сын коллеги,",который,он,0.1839080459770115
"Мне нравится сын коллеги,",который,потому,0.06896551724137931
"Мне нравится сын коллеги,",который,работать,0.011494252873563218
"Мне нравится сын коллеги,",который,с,0.022988505747126436
"Мне нравится сын коллеги,",который,только,0.011494252873563218
"Мне нравится сын коллеги,",который,хоть,0.011494252873563218
"Зачем ему звонить, если откликается",спокойный,всегда,0.058823529411764705
"Зачем ему звонить, если откликается",спокойный,жена,0.058823529411764705
"Зачем ему звонить, если откликается",спокойный,кто-то,0.058823529411764705
"Зачем ему звонить, если откликается",спокойный,на,0.17647058823529413
"Зачем ему звонить, если откликается",спокойный,не,0.11764705882352941
"Зачем ему звонить, если откликается",спокойный,о,0.058823529411764705
"Зачем ему звонить, если откликается",спокойный,он,0.23529411764705882
"Зачем ему звонить, если откликается",спокойный,сам,0.058823529411764705
"Зачем ему звонить, если откликается",спокойный,телефон,0.058823529411764705
"Зачем ему звонить, если откликается",спокойный,только,0.11764705882352941
На вторичном рынке жилья,розетки,а,0.01282051282051282
На вторичном рынке жилья,розетки,быть,0.08974358974358974
На вторичном рынке жилья,розетки,в,0.01282051282051282
На вторичном рынке жилья,розетки,востребовать,0.01282051282051282
На вторичном рынке жилья,розетки,выставить,0.01282051282051282
На вторичном рынке жилья,розетки,и,0.02564102564102564
На вторичном рынке жилья,розетки,иметься,0.01282051282051282
На вторичном рынке жилья,розетки,квартира,0.02564102564102564
На вторичном рынке жилья,розетки,можно,0.10256410256410256
На вторичном рынке жилья,розетки,наблюдать,0.10256410256410256
На вторичном рынке жилья,розетки,наступить,0.038461538461538464
На вторичном рынке жилья,розетки,начаться,0.01282051282051282
На вторичном рынке жилья,розетки,наш,0.01282051282051282
На вторичном рынке жилья,розетки,невозможный,0.01282051282051282
На вторичном рынке жилья,розетки,нельзя,0.01282051282051282
На вторичном рынке жилья,розетки,необходимый,0.01282051282051282
На вторичном рынке жилья,розетки,нет,0.05128205128205128
На вторичном рынке жилья,розетки,ожидать,0.01282051282051282
На вторичном рынке жилья,розетки,опять,0.01282051282051282
На вторичном рынке жилья,розетки,повыситься,0.01282051282051282
На вторичном рынке жилья,розетки,появиться,0.05128205128205128
На вторичном рынке жилья,розетки,предложение,0.01282051282051282
На вторичном рынке жилья,розетки,приобрести,0.01282051282051282
На вторичном рынке жилья,розетки,присутствовать,0.01282051282051282
На вторичном рынке жилья,розетки,продавать,0.038461538461538464
На вторичном рынке жилья,розетки,продаваться,0.01282051282051282
На вторичном рынке жилья,розетки,произойти,0.01282051282051282
На вторичном рынке жилья,розетки,происходить,0.01282051282051282
На вторичном рынке жилья,розетки,сегодня,0.01282051282051282
На вторичном рынке жилья,розетки,сейчас,0.01282051282051282
На вторичном рынке жилья,розетки,сложный,0.02564102564102564
На вторичном рынке жилья,розетки,стоимость,0.01282051282051282
На вторичном рынке жилья,розетки,теперь,0.01282051282051282
На вторичном рынке жилья,розетки,трудный,0.01282051282051282
На вторичном рынке жилья,розетки,ухта,0.01282051282051282
На вторичном рынке жилья,розетки,цена,0.08974358974358974
На вторичном рынке жилья,розетки,этот,0.01282051282051282
На вторичном рынке жилья,розетки,я,0.02564102564102564
В котёл бросают куски,баранины,измельчить,0.05
В котёл бросают куски,баранины,курица,0.05
В котёл бросают куски,баранины,мясо,0.8
В котёл бросают куски,баранины,просоленный,0.05
В котёл бросают куски,баранины,расплавить,0.05
В темноте Иван задел острый,сук,выступ,0.012658227848101266
В темноте Иван задел острый,сук,гвоздь,0.0379746835443038
В темноте Иван задел острый,сук,камень,0.012658227848101266
В темноте Иван задел острый,сук,край,0.06329113924050633
В темноте Иван задел острый,сук,нож,0.0379746835443038
В темноте Иван задел острый,сук,орамимек,0.012658227848101266
В темноте Иван задел острый,сук,предмет,0.17721518987341772
В темноте Иван задел острый,сук,стул,0.012658227848101266
В темноте Иван задел острый,сук,сук,0.012658227848101266
В темноте Иван задел острый,сук,угол,0.6075949367088608
В темноте Иван задел острый,сук,хуй,0.012658227848101266
Я знал: их особенно,злило,в,0.0625
Я знал: их особенно,злило,интересовать,0.125
Я знал: их особенно,злило,любить,0.0625
Я знал: их особенно,злило,много,0.125
Я знал: их особенно,злило,мучить,0.0625
Я знал: их особенно,злило,не,0.1875
Я знал: их особенно,злило,объединять,0.0625
Я знал: их особенно,злило,радовать,0.0625
Я знал: их особенно,злило,раздражать,0.0625
Я знал: их особенно,злило,сложный,0.0625
Я знал: их особенно,злило,трудный,0.0625
Я знал: их особенно,злило,хороший,0.0625
В речи учёного прозвучало,неявное,а,0.009433962264150943
В речи учёного прозвучало,неявное,волнение,0.009433962264150943
В речи учёного прозвучало,неявное,высказывание,0.02830188679245283
В речи учёного прозвучало,неявное,гордый,0.009433962264150943
В речи учёного прозвучало,неявное,два,0.009433962264150943
В речи учёного прозвучало,неявное,доказательство,0.009433962264150943
В речи учёного прозвучало,неявное,интересный,0.009433962264150943
В речи учёного прозвучало,неявное,мнение,0.009433962264150943
В речи учёного прозвучало,неявное,много,0.11320754716981132
В речи учёного прозвучало,неявное,множество,0.018867924528301886
В речи учёного прозвучало,неявное,название,0.009433962264150943
В речи учёного прозвучало,неявное,не,0.009433962264150943
В речи учёного прозвучало,неявное,недовольство,0.009433962264150943
В речи учёного прозвучало,неявное,недоумение,0.02830188679245283
В речи учёного прозвучало,неявное,незнакомый,0.02830188679245283
В речи учёного прозвучало,неявное,некоторый,0.009433962264150943
В речи учёного прозвучало,неявное,немало,0.009433962264150943
В речи учёного прозвучало,неявное,неожиданный,0.018867924528301886
В речи учёного прозвучало,неявное,неподдельный,0.009433962264150943
В речи учёного прозвучало,неявное,непонятный,0.009433962264150943
В речи учёного прозвучало,неявное,несколько,0.02830188679245283
В речи учёного прозвучало,неявное,нескрываемый,0.009433962264150943
В речи учёного прозвучало,неявное,неудовольствие,0.018867924528301886
В речи учёного прозвучало,неявное,нецензурный,0.009433962264150943
В речи учёного прозвучало,неявное,нечто,0.018867924528301886
В речи учёного прозвучало,неявное,новый,0.018867924528301886
В речи учёного прозвучало,неявное,огорчение,0.009433962264150943
В речи учёного прозвучало,неявное,один,0.009433962264150943
В речи учёного прозвучало,неявное,одобрение,0.009433962264150943
В речи учёного прозвучало,неявное,определение,0.018867924528301886
В речи учёного прозвучало,неявное,очень,0.018867924528301886
В речи учёного прозвучало,неявное,понятие,0.009433962264150943
В речи учёного прозвучало,неявное,предложение,0.009433962264150943
В речи учёного прозвучало,неявное,предположение,0.02830188679245283
В речи учёного прозвучало,неявное,сенсационный,0.009433962264150943
В речи учёного прозвучало,неявное,следующий,0.02830188679245283
В речи учёного прозвучало,неявное,слово,0.1320754716981132
В речи учёного прозвучало,неявное,словосочетание,0.009433962264150943
В речи учёного прозвучало,неявное,сожаление,0.009433962264150943
В речи учёного прозвучало,неявное,сомнение,0.04716981132075472
В речи учёного прозвучало,неявное,сообщение,0.009433962264150943
В речи учёного прозвучало,неявное,странный,0.02830188679245283
В речи учёного прозвучало,неявное,такой,0.02830188679245283
В речи учёного прозвучало,неявное,удивительный,0.009433962264150943
В речи учёного прозвучало,неявное,удивление,0.009433962264150943
В речи учёного прозвучало,неявное,утверждение,0.0660377358490566
В речи учёного прозвучало,неявное,что,0.02830188679245283
"Город, раскинувшийся вдоль",реки,а,0.015625
"Город, раскинувшийся вдоль",реки,берег,0.125
"Город, раскинувшийся вдоль",реки,волг,0.03125
"Город, раскинувшийся вдоль",реки,дорога,0.03125
"Город, раскинувшийся вдоль",реки,море,0.03125
"Город, раскинувшийся вдоль",реки,океан,0.015625
"Город, раскинувшийся вдоль",реки,побережье,0.046875
"Город, раскинувшийся вдоль",реки,подножие,0.015625
"Город, раскинувшийся вдоль",реки,поле,0.015625
"Город, раскинувшийся вдоль",реки,р,0.015625
"Город, раскинувшийся вдоль",реки,река,0.640625
"Город, раскинувшийся вдоль",реки,холм,0.015625
"Взяв с собой фотоаппарат, вся",семья,аудитория,0.05555555555555555
"Взяв с собой фотоаппарат, вся",семья,в,0.05555555555555555
"Взяв с собой фотоаппарат, вся",семья,группа,0.3333333333333333
"Взяв с собой фотоаппарат, вся",семья,команда,0.05555555555555555
"Взяв с собой фотоаппарат, вся",семья,компания,0.2222222222222222
"Взяв с собой фотоаппарат, вся",семья,метр,0.05555555555555555
"Взяв с собой фотоаппарат, вся",семья,ныть,0.05555555555555555
"Взяв с собой фотоаппарат, вся",семья,он,0.05555555555555555
"Взяв с собой фотоаппарат, вся",семья,семья,0.1111111111111111
Он стал плохо,спать,говорить,0.05555555555555555
Он стал плохо,спать,днища,0.05555555555555555
Он стал плохо,спать,метр,0.05555555555555555
Он стал плохо,спать,одеваться,0.05555555555555555
Он стал плохо,спать,относиться,0.05555555555555555
Он стал плохо,спать,понимать,0.1111111111111111
Он стал плохо,спать,себя,0.2222222222222222
Он стал плохо,спать,слышать,0.05555555555555555
Он стал плохо,спать,соображать,0.05555555555555555
Он стал плохо,спать,спать,0.05555555555555555
Он стал плохо,спать,учиться,0.16666666666666666
Он стал плохо,спать,читать,0.05555555555555555
"Они не ели целый день,",несчастные,и,0.4666666666666667
"Они не ели целый день,",несчастные,но,0.06666666666666667
"Они не ели целый день,",несчастные,потому,0.26666666666666666
"Они не ели целый день,",несчастные,поэтому,0.2
Ему удалось вскрыть банку об острый край,бампера,в,0.0625
Ему удалось вскрыть банку об острый край,бампера,камень,0.0625
Ему удалось вскрыть банку об острый край,бампера,кровать,0.0625
Ему удалось вскрыть банку об острый край,бампера,нож,0.0625
Ему удалось вскрыть банку об острый край,бампера,подоконник,0.0625
Ему удалось вскрыть банку об острый край,бампера,стол,0.625
Ему удалось вскрыть банку об острый край,бампера,топор,0.0625
"У тебя впереди замечательный день,",полный,быть,0.05555555555555555
"У тебя впереди замечательный день,",полный,ведь,0.05555555555555555
"У тебя впереди замечательный день,",полный,воспользовать,0.05555555555555555
"У тебя впереди замечательный день,",полный,и,0.2777777777777778
"У тебя впереди замечательный день,",полный,который,0.16666666666666666
"У тебя впереди замечательный день,",полный,метр,0.05555555555555555
"У тебя впереди замечательный день,",полный,прожить,0.05555555555555555
"У тебя впереди замечательный день,",полный,р,0.05555555555555555
"У тебя впереди замечательный день,",полный,сказать,0.05555555555555555
"У тебя впереди замечательный день,",полный,солнце,0.05555555555555555
"У тебя впереди замечательный день,",полный,так,0.05555555555555555
"У тебя впереди замечательный день,",полный,чтобы,0.05555555555555555
Дрозды и сковрцы начали,вить,вить,0.3333333333333333
Дрозды и сковрцы начали,вить,клевать,0.06666666666666667
Дрозды и сковрцы начали,вить,петь,0.13333333333333333
Дрозды и сковрцы начали,вить,свой,0.13333333333333333
Дрозды и сковрцы начали,вить,собираться,0.06666666666666667
Дрозды и сковрцы начали,вить,спариваться,0.06666666666666667
Дрозды и сковрцы начали,вить,строить,0.06666666666666667
Дрозды и сковрцы начали,вить,улетать,0.13333333333333333
"Наживка, на которую он ловил",рыбу,быть,0.03125
"Наживка, на которую он ловил",рыбу,ежедневно,0.015625
"Наживка, на которую он ловил",рыбу,карп,0.015625
"Наживка, на которую он ловил",рыбу,лещ,0.015625
"Наживка, на которую он ловил",рыбу,мальк,0.015625
"Наживка, на которую он ловил",рыбу,на,0.015625
"Наживка, на которую он ловил",рыбу,окуня,0.046875
"Наживка, на которую он ловил",рыбу,рыба,0.828125
"Наживка, на которую он ловил",рыбу,щука,0.015625
Ирине досталась,отдельная,книга,0.0625
Ирине досталась,отдельная,кольцо,0.0625
Ирине досталась,отдельная,красный,0.0625
Ирине досталась,отдельная,новый,0.0625
Ирине досталась,отдельная,от,0.0625
Ирине досталась,отдельная,очень,0.0625
Ирине досталась,отдельная,роль,0.0625
Ирине досталась,отдельная,самый,0.25
Ирине досталась,отдельная,сложный,0.0625
Ирине досталась,отдельная,только,0.0625
Ирине досталась,отдельная,тяжелый,0.0625
Ирине досталась,отдельная,ученица,0.0625
Ирине досталась,отдельная,хороший,0.0625
"Приготовь себе диетические овощные блюда,",сытные,а,0.06666666666666667
"Приготовь себе диетические овощные блюда,",сытные,брать,0.06666666666666667
"Приготовь себе диетические овощные блюда,",сытные,в,0.06666666666666667
"Приготовь себе диетические овощные блюда,",сытные,и,0.06666666666666667
"Приготовь себе диетические овощные блюда,",сытные,иначе,0.06666666666666667
"Приготовь себе диетические овощные блюда,",сытные,который,0.26666666666666666
"Приготовь себе диетические овощные блюда,",сытные,пожалуйста,0.06666666666666667
"Приготовь себе диетические овощные блюда,",сытные,потому,0.06666666666666667
"Приготовь себе диетические овощные блюда,",сытные,чтобы,0.26666666666666666
Тема эта в то время была,новой,актуальный,0.2
Тема эта в то время была,новой,более,0.05
Тема эта в то время была,новой,забыть,0.05
Тема эта в то время была,новой,запретить,0.05
Тема эта в то время была,новой,запретный,0.1
Тема эта в то время была,новой,метр,0.05
Тема эта в то время была,новой,не,0.1
Тема эта в то время была,новой,небезынтересный,0.05
Тема эта в то время была,новой,нет,0.05
Тема эта в то время была,новой,обсуждать,0.05
Тема эта в то время была,новой,очень,0.25
"Она успевала убраться, разморозить",фарш,а,0.05555555555555555
"Она успевала убраться, разморозить",фарш,еда,0.05555555555555555
"Она успевала убраться, разморозить",фарш,и,0.05555555555555555
"Она успевала убраться, разморозить",фарш,курица,0.2777777777777778
"Она успевала убраться, разморозить",фарш,морозильник,0.05555555555555555
"Она успевала убраться, разморозить",фарш,мясо,0.3333333333333333
"Она успевала убраться, разморозить",фарш,продукт,0.05555555555555555
"Она успевала убраться, разморозить",фарш,холодильник,0.1111111111111111
"Существует легенда, что",ноев,NOT_FOUND,0.034482758620689655
"Существует легенда, что",ноев,быть,0.017241379310344827
"Существует легенда, что",ноев,в,0.08620689655172414
"Существует легенда, что",ноев,вампир,0.017241379310344827
"Существует легенда, что",ноев,вещь,0.017241379310344827
"Существует легенда, что",ноев,вода,0.017241379310344827
"Существует легенда, что",ноев,воин,0.017241379310344827
"Существует легенда, что",ноев,герой,0.017241379310344827
"Существует легенда, что",ноев,голос,0.017241379310344827
"Существует легенда, что",ноев,город,0.017241379310344827
"Существует легенда, что",ноев,давно,0.017241379310344827
"Существует легенда, что",ноев,дракон,0.017241379310344827
"Существует легенда, что",ноев,древний,0.017241379310344827
"Существует легенда, что",ноев,если,0.05172413793103448
"Существует легенда, что",ноев,женщина,0.017241379310344827
"Существует легенда, что",ноев,за,0.017241379310344827
"Существует легенда, что",ноев,здесь,0.017241379310344827
"Существует легенда, что",ноев,кинжал,0.017241379310344827
"Существует легенда, что",ноев,когда,0.017241379310344827
"Существует легенда, что",ноев,когда-то,0.034482758620689655
"Существует легенда, что",ноев,король,0.017241379310344827
"Существует легенда, что",ноев,красивый,0.017241379310344827
"Существует легенда, что",ноев,кто-то,0.017241379310344827
"Существует легенда, что",ноев,можно,0.017241379310344827
"Существует легенда, что",ноев,на,0.017241379310344827
"Существует легенда, что",ноев,некий,0.017241379310344827
"Существует легенда, что",ноев,новый,0.017241379310344827
"Существует легенда, что",ноев,нужный,0.017241379310344827
"Существует легенда, что",ноев,один,0.017241379310344827
"Существует легенда, что",ноев,однажды,0.08620689655172414
"Существует легенда, что",ноев,около,0.017241379310344827
"Существует легенда, что",ноев,он,0.034482758620689655
"Существует легенда, что",ноев,она,0.017241379310344827
"Существует легенда, что",ноев,первый,0.017241379310344827
"Существует легенда, что",ноев,птица,0.017241379310344827
"Существует легенда, что",ноев,рыцарь,0.017241379310344827
"Существует легенда, что",ноев,с,0.017241379310344827
"Существует легенда, что",ноев,у,0.017241379310344827
"Существует легенда, что",ноев,царь,0.017241379310344827
"Существует легенда, что",ноев,человек,0.06896551724137931
"Существует легенда, что",ноев,этот,0.034482758620689655
Наше правительство сделало,крен,акцент,0.0196078431372549
Наше правительство сделало,крен,дисбаланс,0.0196078431372549
Наше правительство сделало,крен,диссонанс,0.11764705882352941
Наше правительство сделало,крен,запах,0.0196078431372549
Наше правительство сделало,крен,заскок,0.0196078431372549
Наше правительство сделало,крен,крен,0.0196078431372549
Наше правительство сделало,крен,намек,0.0196078431372549
Наше правительство сделало,крен,недобор,0.0196078431372549
Наше правительство сделало,крен,недостаток,0.058823529411764705
Наше правительство сделало,крен,перебор,0.0196078431372549
Наше правительство сделало,крен,перевес,0.09803921568627451
Наше правительство сделало,крен,переизбыток,0.0196078431372549
Наше правительство сделало,крен,перекос,0.09803921568627451
Наше правительство сделало,крен,перелом,0.0196078431372549
Наше правительство сделало,крен,подвох,0.09803921568627451
Наше правительство сделало,крен,подлог,0.0196078431372549
Наше правительство сделало,крен,признак,0.0392156862745098
Наше правительство сделало,крен,пример,0.0196078431372549
Наше правительство сделало,крен,пробел,0.0196078431372549
Наше правительство сделало,крен,прогресс,0.0392156862745098
Наше правительство сделало,крен,промах,0.0784313725490196
Наше правительство сделало,крен,свой,0.0196078431372549
Наше правительство сделало,крен,сингармонизм,0.0196078431372549
Наше правительство сделало,крен,уклон,0.0392156862745098
Наше правительство сделало,крен,факт,0.0196078431372549
Наше правительство сделало,крен,языковой,0.0196078431372549
Вспоминая,журчание,былой,0.20833333333333331
Вспоминая,журчание,детство,0.20833333333333334
Вспоминая,журчание,наш,0.041666666666666664
Вспоминая,журчание,о,0.125
Вспоминая,журчание,первый,0.041666666666666664
Вспоминая,журчание,последний,0.041666666666666664
Вспоминая,журчание,прежний,0.041666666666666664
Вспоминая,журчание,пройти,0.041666666666666664
Вспоминая,журчание,прошлое,0.041666666666666664
Вспоминая,журчание,прошлый,0.041666666666666664
Вспоминая,журчание,свой,0.041666666666666664
Вспоминая,журчание,слово,0.041666666666666664
Вспоминая,журчание,старый,0.041666666666666664
Вспоминая,журчание,этот,0.041666666666666664
Однако здесь,есть,"""",0.05
Однако здесь,есть,быть,0.2
Однако здесь,есть,всегда,0.1
Однако здесь,есть,вставать,0.05
Однако здесь,есть,иметь,0.05
Однако здесь,есть,к,0.05
Однако здесь,есть,крыться,0.05
Однако здесь,есть,мочь,0.05
Однако здесь,есть,не,0.1
Однако здесь,есть,нельзя,0.05
Однако здесь,есть,нет,0.15
Однако здесь,есть,совсем,0.05
Однако здесь,есть,стоить,0.05
У директора школы был тонкий,нюх,аппарат,0.010638297872340425
У директора школы был тонкий,нюх,в,0.010638297872340425
У директора школы был тонкий,нюх,взгляд,0.010638297872340425
У директора школы был тонкий,нюх,вкус,0.0851063829787234
У директора школы был тонкий,нюх,галстук,0.0425531914893617
У директора школы был тонкий,нюх,голос,0.13829787234042554
У директора школы был тонкий,нюх,голосок,0.010638297872340425
У директора школы был тонкий,нюх,и,0.031914893617021274
У директора школы был тонкий,нюх,карандаш,0.031914893617021274
У директора школы был тонкий,нюх,нож,0.010638297872340425
У директора школы был тонкий,нюх,нос,0.2553191489361702
У директора школы был тонкий,нюх,нюх,0.031914893617021274
У директора школы был тонкий,нюх,плед,0.010638297872340425
У директора школы был тонкий,нюх,портфель,0.0425531914893617
У директора школы был тонкий,нюх,почерк,0.010638297872340425
У директора школы был тонкий,нюх,противный,0.010638297872340425
У директора школы был тонкий,нюх,разрез,0.010638297872340425
У директора школы был тонкий,нюх,ремень,0.010638297872340425
У директора школы был тонкий,нюх,свитер,0.010638297872340425
У директора школы был тонкий,нюх,слой,0.010638297872340425
У директора школы был тонкий,нюх,слух,0.11702127659574468
У директора школы был тонкий,нюх,ф,0.010638297872340425
У директора школы был тонкий,нюх,хвост,0.010638297872340425
У директора школы был тонкий,нюх,юмор,0.07446808510638298
Старуха была страшной --,лопоухая,беззубий,0.015151515151515152
Старуха была страшной --,лопоухая,ведьма,0.015151515151515152
Старуха была страшной --,лопоухая,весь,0.015151515151515152
Старуха была страшной --,лопоухая,волос,0.015151515151515152
Старуха была страшной --,лопоухая,вот,0.015151515151515152
Старуха была страшной --,лопоухая,все,0.045454545454545456
Старуха была страшной --,лопоухая,глаз,0.015151515151515152
Старуха была страшной --,лопоухая,дряблый,0.015151515151515152
Старуха была страшной --,лопоухая,жизнь,0.015151515151515152
Старуха была страшной --,лопоухая,и,0.015151515151515152
Старуха была страшной --,лопоухая,как,0.12121212121212122
Старуха была страшной --,лопоухая,карга,0.015151515151515152
Старуха была страшной --,лопоухая,косматый,0.015151515151515152
Старуха была страшной --,лопоухая,кривая,0.015151515151515152
Старуха была страшной --,лопоухая,лицо,0.015151515151515152
Старуха была страшной --,лопоухая,маленький,0.015151515151515152
Старуха была страшной --,лопоухая,морщина,0.015151515151515152
Старуха была страшной --,лопоухая,на,0.030303030303030304
Старуха была страшной --,лопоухая,никто,0.015151515151515152
Старуха была страшной --,лопоухая,нос,0.045454545454545456
Старуха была страшной --,лопоухая,он,0.015151515151515152
Старуха была страшной --,лопоухая,она,0.2727272727272727
Старуха была страшной --,лопоухая,осунуться,0.015151515151515152
Старуха была страшной --,лопоухая,плохой,0.015151515151515152
Старуха была страшной --,лопоухая,с,0.015151515151515152
Старуха была страшной --,лопоухая,смерть,0.015151515151515152
Старуха была страшной --,лопоухая,смортить,0.015151515151515152
Старуха была страшной --,лопоухая,старый,0.015151515151515152
Старуха была страшной --,лопоухая,страшный,0.030303030303030304
Старуха была страшной --,лопоухая,так,0.015151515151515152
Старуха была страшной --,лопоухая,у,0.030303030303030304
Старуха была страшной --,лопоухая,ужас,0.015151515151515152
Старуха была страшной --,лопоухая,уродливый,0.015151515151515152
Старуха была страшной --,лопоухая,это,0.030303030303030304
"Мама брала меня с собой, и мы, сдав",молоко,алана,0.05263157894736842
"Мама брала меня с собой, и мы, сдав",молоко,багаж,0.05263157894736842
"Мама брала меня с собой, и мы, сдав",молоко,белье,0.05263157894736842
"Мама брала меня с собой, и мы, сдав",молоко,бутылка,0.05263157894736842
"Мама брала меня с собой, и мы, сдав",молоко,в,0.05263157894736842
"Мама брала меня с собой, и мы, сдав",молоко,верхний,0.05263157894736842
"Мама брала меня с собой, и мы, сдав",молоко,весь,0.05263157894736842
"Мама брала меня с собой, и мы, сдав",молоко,вещь,0.15789473684210525
"Мама брала меня с собой, и мы, сдав",молоко,ключ,0.10526315789473684
"Мама брала меня с собой, и мы, сдав",молоко,метр,0.05263157894736842
"Мама брала меня с собой, и мы, сдав",молоко,одежда,0.10526315789473684
"Мама брала меня с собой, и мы, сдав",молоко,она,0.05263157894736842
"Мама брала меня с собой, и мы, сдав",молоко,пр.,0.05263157894736842
"Мама брала меня с собой, и мы, сдав",молоко,экзамен,0.10526315789473684
"Журналист взял карандаш,",подвинул,блокнот,0.1875
"Журналист взял карандаш,",подвинул,бумага,0.0625
"Журналист взял карандаш,",подвинул,и,0.125
"Журналист взял карандаш,",подвинул,лежать,0.0625
"Журналист взял карандаш,",подвинул,лист,0.1875
"Журналист взял карандаш,",подвинул,метр,0.0625
"Журналист взял карандаш,",подвинул,на,0.0625
"Журналист взял карандаш,",подвинул,написать,0.0625
"Журналист взял карандаш,",подвинул,открыть,0.125
"Журналист взял карандаш,",подвинул,помусолить,0.0625
На Ольгу Васильевну было написано,заявление,благодарственный,0.06666666666666667
На Ольгу Васильевну было написано,заявление,донесение,0.06666666666666667
На Ольгу Васильевну было написано,заявление,завещание,0.06666666666666667
На Ольгу Васильевну было написано,заявление,заявление,0.3333333333333333
На Ольгу Васильевну было написано,заявление,много,0.06666666666666667
На Ольгу Васильевну было написано,заявление,множество,0.06666666666666667
На Ольгу Васильевну было написано,заявление,несколько,0.2
На Ольгу Васильевну было написано,заявление,отдельный,0.06666666666666667
На Ольгу Васильевну было написано,заявление,письмо,0.06666666666666667
Торговля продуктами питания является одной из самых,прибыльных,большой,0.07692307692307693
Торговля продуктами питания является одной из самых,прибыльных,важный,0.3076923076923077
Торговля продуктами питания является одной из самых,прибыльных,главный,0.07692307692307693
Торговля продуктами питания является одной из самых,прибыльных,доступный,0.07692307692307693
Торговля продуктами питания является одной из самых,прибыльных,прибыльный,0.3076923076923077
Торговля продуктами питания является одной из самых,прибыльных,рентабельный,0.07692307692307693
Торговля продуктами питания является одной из самых,прибыльных,стабильный,0.07692307692307693
Количество денег в обороте выросло благодаря,союзу,NOT_FOUND,0.09090909090909091
Количество денег в обороте выросло благодаря,союзу,ваш,0.045454545454545456
Количество денег в обороте выросло благодаря,союзу,грамотный,0.045454545454545456
Количество денег в обороте выросло благодаря,союзу,житель,0.045454545454545456
Количество денег в обороте выросло благодаря,союзу,заслуга,0.045454545454545456
Количество денег в обороте выросло благодаря,союзу,к,0.045454545454545456
Количество денег в обороте выросло благодаря,союзу,мой,0.045454545454545456
Количество денег в обороте выросло благодаря,союзу,он,0.09090909090909091
Количество денег в обороте выросло благодаря,союзу,повышение,0.045454545454545456
Количество денег в обороте выросло благодаря,союзу,продажа,0.045454545454545456
Количество денег в обороте выросло благодаря,союзу,то,0.09090909090909091
Количество денег в обороте выросло благодаря,союзу,умелый,0.045454545454545456
Количество денег в обороте выросло благодаря,союзу,усилие,0.18181818181818182
Количество денег в обороте выросло благодаря,союзу,хороший,0.045454545454545456
Количество денег в обороте выросло благодаря,союзу,экономика,0.045454545454545456
Количество денег в обороте выросло благодаря,союзу,этот,0.045454545454545456
Мы установили камеру на новый,штатив,автомобиль,0.1836734693877551
Мы установили камеру на новый,штатив,аквариум,0.006802721088435374
Мы установили камеру на новый,штатив,аппарат,0.047619047619047616
Мы установили камеру на новый,штатив,вариант,0.006802721088435374
Мы установили камеру на новый,штатив,велосипед,0.04081632653061224
Мы установили камеру на новый,штатив,гараж,0.006802721088435374
Мы установили камеру на новый,штатив,держатель,0.006802721088435374
Мы установили камеру на новый,штатив,джип,0.006802721088435374
Мы установили камеру на новый,штатив,дом,0.10204081632653061
Мы установили камеру на новый,штатив,домофон,0.006802721088435374
Мы установили камеру на новый,штатив,комп,0.006802721088435374
Мы установили камеру на новый,штатив,компьютер,0.12244897959183673
Мы установили камеру на новый,штатив,котел,0.006802721088435374
Мы установили камеру на новый,штатив,кронштейн,0.006802721088435374
Мы установили камеру на новый,штатив,лад,0.006802721088435374
Мы установили камеру на новый,штатив,микроскоп,0.006802721088435374
Мы установили камеру на новый,штатив,мобильник,0.006802721088435374
Мы установили камеру на новый,штатив,монитор,0.006802721088435374
Мы установили камеру на новый,штатив,мост,0.006802721088435374
Мы установили камеру на новый,штатив,мотор,0.006802721088435374
Мы установили камеру на новый,штатив,ноутбук,0.02040816326530612
Мы установили камеру на новый,штатив,объект,0.027210884353741496
Мы установили камеру на новый,штатив,офис,0.006802721088435374
Мы установили камеру на новый,штатив,перекресток,0.006802721088435374
Мы установили камеру на новый,штатив,подъезд,0.006802721088435374
Мы установили камеру на новый,штатив,прибор,0.006802721088435374
Мы установили камеру на новый,штатив,проект,0.006802721088435374
Мы установили камеру на новый,штатив,пульт,0.006802721088435374
Мы установили камеру на новый,штатив,ракурс,0.006802721088435374
Мы установили камеру на новый,штатив,режим,0.006802721088435374
Мы установили камеру на новый,штатив,самолет,0.006802721088435374
Мы установили камеру на новый,штатив,сенсорный,0.006802721088435374
Мы установили камеру на новый,штатив,смартфон,0.034013605442176874
Мы установили камеру на новый,штатив,стол,0.013605442176870748
Мы установили камеру на новый,штатив,столб,0.013605442176870748
Мы установили камеру на новый,штатив,телевизор,0.006802721088435374
Мы установили камеру на новый,штатив,телефон,0.061224489795918366
Мы установили камеру на новый,штатив,тип,0.006802721088435374
Мы установили камеру на новый,штатив,уровень,0.027210884353741496
Мы установили камеру на новый,штатив,участок,0.006802721088435374
Мы установили камеру на новый,штатив,фонарный,0.006802721088435374
Мы установили камеру на новый,штатив,фотоаппарат,0.006802721088435374
Мы установили камеру на новый,штатив,шкаф,0.006802721088435374
Мы установили камеру на новый,штатив,шлем,0.006802721088435374
Мы установили камеру на новый,штатив,штатив,0.07482993197278912
Мы установили камеру на новый,штатив,экран,0.006802721088435374
Мы установили камеру на новый,штатив,электронагреватель,0.006802721088435374
"Я сказал, что русский солдат",омоет,быть,0.13333333333333333
"Я сказал, что русский солдат",омоет,всегда,0.13333333333333333
"Я сказал, что русский солдат",омоет,мочь,0.06666666666666667
"Я сказал, что русский солдат",омоет,не,0.3333333333333333
"Я сказал, что русский солдат",омоет,никогда,0.2
"Я сказал, что русский солдат",омоет,подобный,0.06666666666666667
"Я сказал, что русский солдат",омоет,самый,0.06666666666666667
"Товарищ генерал,",противник,вы,0.0625
"Товарищ генерал,",противник,мочь,0.0625
"Товарищ генерал,",противник,подойти,0.0625
"Товарищ генерал,",противник,приказать,0.0625
"Товарищ генерал,",противник,разрешить,0.6875
"Товарищ генерал,",противник,сказать,0.0625
За два года накопилась,уйма,большой,0.2631578947368421
За два года накопилась,уйма,информация,0.05263157894736842
За два года накопилась,уйма,куча,0.05263157894736842
За два года накопилась,уйма,масса,0.05263157894736842
За два года накопилась,уйма,много,0.05263157894736842
За два года накопилась,уйма,огромный,0.05263157894736842
За два года накопилась,уйма,очередь,0.05263157894736842
За два года накопилась,уйма,работа,0.05263157894736842
За два года накопилась,уйма,целый,0.2631578947368421
За два года накопилась,уйма,ценный,0.05263157894736842
За два года накопилась,уйма,ы,0.05263157894736842
"Он вскрыл пачку сухарей,",заварил,брать,0.10526315789473684
"Он вскрыл пачку сухарей,",заварил,вздохнуть,0.05263157894736842
"Он вскрыл пачку сухарей,",заварил,достать,0.15789473684210525
"Он вскрыл пачку сухарей,",заварил,и,0.10526315789473684
"Он вскрыл пачку сухарей,",заварил,который,0.05263157894736842
"Он вскрыл пачку сухарей,",заварил,купить,0.05263157894736842
"Он вскрыл пачку сухарей,",заварил,налить,0.21052631578947367
"Он вскрыл пачку сухарей,",заварил,не,0.05263157894736842
"Он вскрыл пачку сухарей,",заварил,откусить,0.05263157894736842
"Он вскрыл пачку сухарей,",заварил,отряхиваться,0.05263157894736842
"Он вскрыл пачку сухарей,",заварил,разрыть,0.05263157894736842
"Он вскрыл пачку сухарей,",заварил,съесть,0.05263157894736842
"Что используют для этой прически,",фен,абориген,0.008333333333333333
"Что используют для этой прически,",фен,бигуди,0.008333333333333333
"Что используют для этой прически,",фен,в,0.03333333333333333
"Что используют для этой прически,",фен,воск,0.008333333333333333
"Что используют для этой прически,",фен,гель,0.008333333333333333
"Что используют для этой прически,",фен,действительно,0.008333333333333333
"Что используют для этой прически,",фен,если,0.06666666666666667
"Что используют для этой прически,",фен,женщина,0.008333333333333333
"Что используют для этой прически,",фен,житель,0.008333333333333333
"Что используют для этой прически,",фен,загадка,0.008333333333333333
"Что используют для этой прически,",фен,заколка,0.008333333333333333
"Что используют для этой прически,",фен,зачем,0.008333333333333333
"Что используют для этой прически,",фен,как,0.025
"Что используют для этой прически,",фен,когда,0.075
"Что используют для этой прически,",фен,который,0.11666666666666667
"Что используют для этой прически,",фен,кроме,0.041666666666666664
"Что используют для этой прически,",фен,лак,0.08333333333333333
"Что используют для этой прически,",фен,мама,0.008333333333333333
"Что используют для этой прически,",фен,можно,0.016666666666666666
"Что используют для этой прически,",фен,на,0.008333333333333333
"Что используют для этой прически,",фен,называться,0.008333333333333333
"Что используют для этой прически,",фен,не,0.016666666666666666
"Что используют для этой прически,",фен,невозможный,0.008333333333333333
"Что используют для этой прически,",фен,нельзя,0.008333333333333333
"Что используют для этой прически,",фен,непонятный,0.008333333333333333
"Что используют для этой прически,",фен,ни,0.008333333333333333
"Что используют для этой прически,",фен,никто,0.016666666666666666
"Что используют для этой прически,",фен,ножницы,0.008333333333333333
"Что используют для этой прически,",фен,описать,0.008333333333333333
"Что используют для этой прически,",фен,при,0.008333333333333333
"Что используют для этой прически,",фен,прическа,0.008333333333333333
"Что используют для этой прически,",фен,расческа,0.008333333333333333
"Что используют для этой прически,",фен,рубашка,0.008333333333333333
"Что используют для этой прически,",фен,сказать,0.008333333333333333
"Что используют для этой прически,",фен,стилист,0.008333333333333333
"Что используют для этой прически,",фен,так,0.025
"Что используют для этой прически,",фен,то,0.03333333333333333
"Что используют для этой прически,",фен,трудный,0.008333333333333333
"Что используют для этой прически,",фен,украшение,0.008333333333333333
"Что используют для этой прически,",фен,что,0.008333333333333333
"Что используют для этой прически,",фен,чтобы,0.175
"Что используют для этой прически,",фен,шпилька,0.016666666666666666
"Что используют для этой прически,",фен,это,0.016666666666666666
"Что используют для этой прически,",фен,являться,0.008333333333333333
От смерти его спасла,собака,бабушка,0.02040816326530612
От смерти его спасла,собака,блокнот,0.02040816326530612
От смерти его спасла,собака,девушка,0.02040816326530612
От смерти его спасла,собака,доброта,0.02040816326530612
От смерти его спасла,собака,дочь,0.02040816326530612
От смерти его спасла,собака,злой,0.02040816326530612
От смерти его спасла,собака,змея,0.02040816326530612
От смерти его спасла,собака,красивый,0.02040816326530612
От смерти его спасла,собака,лишь,0.02040816326530612
От смерти его спасла,собака,любимый,0.02040816326530612
От смерти его спасла,собака,маленький,0.04081632653061224
От смерти его спасла,собака,молодой,0.02040816326530612
От смерти его спасла,собака,нелепый,0.02040816326530612
От смерти его спасла,собака,неожиданный,0.04081632653061224
От смерти его спасла,собака,непредсказуемый,0.02040816326530612
От смерти его спасла,собака,неприметный,0.02040816326530612
От смерти его спасла,собака,он,0.08163265306122448
От смерти его спасла,собака,она,0.02040816326530612
От смерти его спасла,собака,осторожность,0.02040816326530612
От смерти его спасла,собака,подруга,0.02040816326530612
От смерти его спасла,собака,получить,0.02040816326530612
От смерти его спасла,собака,прекрасный,0.02040816326530612
От смерти его спасла,собака,простой,0.02040816326530612
От смерти его спасла,собака,своевременный,0.02040816326530612
От смерти его спасла,собака,случайность,0.12244897959183673
От смерти его спасла,собака,случайный,0.12244897959183673
От смерти его спасла,собака,собака,0.08163265306122448
От смерти его спасла,собака,счастливый,0.02040816326530612
От смерти его спасла,собака,только,0.04081632653061224
От смерти его спасла,собака,удачный,0.02040816326530612
Она с досадой,хмурила,бросить,0.02666666666666667
Она с досадой,хмурила,взглянуть,0.04
Она с досадой,хмурила,вздохнуть,0.013333333333333334
Она с досадой,хмурила,воскликнуть,0.013333333333333334
Она с досадой,хмурила,высказать,0.013333333333333334
Она с досадой,хмурила,говорить,0.02666666666666667
Она с досадой,хмурила,достать,0.013333333333333334
Она с досадой,хмурила,закусить,0.02666666666666667
Она с досадой,хмурила,кидать,0.013333333333333334
Она с досадой,хмурила,мочь,0.013333333333333334
Она с досадой,хмурила,наклонить,0.013333333333333334
Она с досадой,хмурила,нахмурить,0.013333333333333334
Она с досадой,хмурила,обернуться,0.013333333333333334
Она с досадой,хмурила,осознать,0.013333333333333334
Она с досадой,хмурила,отбросить,0.04
Она с досадой,хмурила,отвернуться,0.013333333333333334
Она с досадой,хмурила,пнуть,0.013333333333333334
Она с досадой,хмурила,повернуть,0.013333333333333334
Она с досадой,хмурила,подумать,0.04
Она с досадой,хмурила,пожать,0.013333333333333334
Она с досадой,хмурила,пойти,0.013333333333333334
Она с досадой,хмурила,покачать,0.013333333333333334
Она с досадой,хмурила,разговаривать,0.013333333333333334
Она с досадой,хмурила,сказать,0.05333333333333334
Она с досадой,хмурила,смотреть,0.42666666666666664
Она с досадой,хмурила,стукнуть,0.013333333333333334
Она с досадой,хмурила,топнуть,0.013333333333333334
Она с досадой,хмурила,ударить,0.02666666666666667
Она с досадой,хмурила,хлопать,0.013333333333333334
Она с досадой,хмурила,швырнуть,0.02666666666666667
"Елена сидела в кресле, молодая Мурка",урчала,бегать,0.008
"Елена сидела в кресле, молодая Мурка",урчала,быть,0.04
"Елена сидела в кресле, молодая Мурка",урчала,взобраться,0.008
"Елена сидела в кресле, молодая Мурка",урчала,виться,0.008
"Елена сидела в кресле, молодая Мурка",урчала,возле,0.008
"Елена сидела в кресле, молодая Мурка",урчала,выть,0.008
"Елена сидела в кресле, молодая Мурка",урчала,греться,0.016
"Елена сидела в кресле, молодая Мурка",урчала,есть,0.008
"Елена сидела в кресле, молодая Мурка",урчала,забраться,0.008
"Елена сидела в кресле, молодая Мурка",урчала,залезть,0.016
"Елена сидела в кресле, молодая Мурка",урчала,и,0.008
"Елена сидела в кресле, молодая Мурка",урчала,играть,0.048
"Елена сидела в кресле, молодая Мурка",урчала,корова,0.016
"Елена сидела в кресле, молодая Мурка",урчала,крутиться,0.008
"Елена сидела в кресле, молодая Мурка",урчала,ласкать,0.008
"Елена сидела в кресле, молодая Мурка",урчала,ласкаться,0.016
"Елена сидела в кресле, молодая Мурка",урчала,ластиться,0.016
"Елена сидела в кресле, молодая Мурка",урчала,лежать,0.4
"Елена сидела в кресле, молодая Мурка",урчала,литр,0.008
"Елена сидела в кресле, молодая Мурка",урчала,мурлыкать,0.008
"Елена сидела в кресле, молодая Мурка",урчала,мурчать,0.008
"Елена сидела в кресле, молодая Мурка",урчала,мяукать,0.008
"Елена сидела в кресле, молодая Мурка",урчала,на,0.008
"Елена сидела в кресле, молодая Мурка",урчала,печь,0.008
"Елена сидела в кресле, молодая Мурка",урчала,подойти,0.016
"Елена сидела в кресле, молодая Мурка",урчала,поцарапать,0.008
"Елена сидела в кресле, молодая Мурка",урчала,прижаться,0.008
"Елена сидела в кресле, молодая Мурка",урчала,примоститься,0.016
"Елена сидела в кресле, молодая Мурка",урчала,прыгать,0.032
"Елена сидела в кресле, молодая Мурка",урчала,расположиться,0.008
"Елена сидела в кресле, молодая Мурка",урчала,с,0.016
"Елена сидела в кресле, молодая Мурка",урчала,свернуться,0.024
"Елена сидела в кресле, молодая Мурка",урчала,сидеть,0.072
"Елена сидела в кресле, молодая Мурка",урчала,смотреть,0.016
"Елена сидела в кресле, молодая Мурка",урчала,сопеть,0.008
"Елена сидела в кресле, молодая Мурка",урчала,спать,0.016
"Елена сидела в кресле, молодая Мурка",урчала,тердаться,0.048
"Елена сидела в кресле, молодая Мурка",урчала,тоже,0.008
"Елена сидела в кресле, молодая Мурка",урчала,урчать,0.008
На ведущей вниз,лестнице,дорога,0.11475409836065574
На ведущей вниз,лестнице,дорожка,0.09836065573770492
На ведущей вниз,лестнице,доска,0.01639344262295082
На ведущей вниз,лестнице,и,0.01639344262295082
На ведущей вниз,лестнице,перекладина,0.01639344262295082
На ведущей вниз,лестнице,скамейка,0.01639344262295082
На ведущей вниз,лестнице,скатерть,0.01639344262295082
На ведущей вниз,лестнице,страница,0.01639344262295082
На ведущей вниз,лестнице,тропа,0.06557377049180328
На ведущей вниз,лестнице,тропинка,0.5245901639344263
На ведущей вниз,лестнице,улица,0.06557377049180328
На ведущей вниз,лестнице,улочка,0.03278688524590164
Что ты хочешь чтобы тебе,повторили,быть,0.06666666666666667
Что ты хочешь чтобы тебе,повторили,дарить,0.3333333333333333
Что ты хочешь чтобы тебе,повторили,дать,0.2
Что ты хочешь чтобы тебе,повторили,делать,0.13333333333333333
Что ты хочешь чтобы тебе,повторили,ответить,0.06666666666666667
Что ты хочешь чтобы тебе,повторили,понравиться,0.06666666666666667
Что ты хочешь чтобы тебе,повторили,сказать,0.13333333333333333
Перед ним снова была,прежняя,большой,0.01
Перед ним снова была,прежняя,возможность,0.03
Перед ним снова была,прежняя,дверь,0.01
Перед ним снова была,прежняя,дилемма,0.03
Перед ним снова была,прежняя,дорога,0.01
Перед ним снова была,прежняя,задача,0.06
Перед ним снова была,прежняя,землянка,0.01
Перед ним снова была,прежняя,знакомый,0.01
Перед ним снова была,прежняя,картина,0.02
Перед ним снова была,прежняя,машина,0.01
Перед ним снова была,прежняя,надежда,0.01
Перед ним снова была,прежняя,не,0.01
Перед ним снова была,прежняя,непроглядный,0.01
Перед ним снова была,прежняя,непростой,0.01
Перед ним снова была,прежняя,нерешенный,0.01
Перед ним снова была,прежняя,он,0.04
Перед ним снова была,прежняя,она,0.29
Перед ним снова была,прежняя,открыть,0.02
Перед ним снова была,прежняя,очередь,0.01
Перед ним снова была,прежняя,проблема,0.07
Перед ним снова была,прежняя,пустота,0.01
Перед ним снова была,прежняя,пустыня,0.02
Перед ним снова была,прежняя,равнина,0.02
Перед ним снова была,прежняя,рисовать,0.01
Перед ним снова была,прежняя,ставить,0.01
Перед ним снова была,прежняя,старый,0.01
Перед ним снова была,прежняя,стена,0.07
Перед ним снова была,прежняя,степь,0.01
Перед ним снова была,прежняя,тот,0.15
Перед ним снова была,прежняя,этот,0.01
После завершения,техосмотра,атака,0.058823529411764705
После завершения,техосмотра,дело,0.058823529411764705
После завершения,техосмотра,мероприятие,0.058823529411764705
После завершения,техосмотра,операция,0.11764705882352941
После завершения,техосмотра,передача,0.058823529411764705
После завершения,техосмотра,полевой,0.058823529411764705
После завершения,техосмотра,праздник,0.058823529411764705
После завершения,техосмотра,процедура,0.058823529411764705
После завершения,техосмотра,процесс,0.058823529411764705
После завершения,техосмотра,работа,0.17647058823529413
После завершения,техосмотра,сеанс,0.058823529411764705
После завершения,техосмотра,смена,0.058823529411764705
После завершения,техосмотра,экскурсия,0.058823529411764705
После завершения,техосмотра,эксперимент,0.058823529411764705
"Тому, кто",желает,быть,0.04411764705882353
"Тому, кто",желает,верить,0.014705882352941176
"Тому, кто",желает,вести,0.007352941176470588
"Тому, кто",желает,видеть,0.029411764705882353
"Тому, кто",желает,вы,0.007352941176470588
"Тому, кто",желает,выиграть,0.007352941176470588
"Тому, кто",желает,готовый,0.007352941176470588
"Тому, кто",желает,делать,0.0661764705882353
"Тому, кто",желает,думать,0.007352941176470588
"Тому, кто",желает,еще,0.007352941176470588
"Тому, кто",желает,ждать,0.022058823529411763
"Тому, кто",желает,захотеть,0.014705882352941176
"Тому, кто",желает,знать,0.058823529411764705
"Тому, кто",желает,идти,0.007352941176470588
"Тому, кто",желает,искать,0.007352941176470588
"Тому, кто",желает,использовать,0.007352941176470588
"Тому, кто",желает,количество,0.007352941176470588
"Тому, кто",желает,купать,0.014705882352941176
"Тому, кто",желает,любить,0.014705882352941176
"Тому, кто",желает,мало,0.007352941176470588
"Тому, кто",желает,много,0.007352941176470588
"Тому, кто",желает,мочь,0.03676470588235294
"Тому, кто",желает,н,0.007352941176470588
"Тому, кто",желает,назвать,0.007352941176470588
"Тому, кто",желает,найти,0.029411764705882353
"Тому, кто",желает,не,0.051470588235294115
"Тому, кто",желает,никогда,0.007352941176470588
"Тому, кто",желает,нуждаться,0.007352941176470588
"Тому, кто",желает,обнаружить,0.007352941176470588
"Тому, кто",желает,ответить,0.014705882352941176
"Тому, кто",желает,отгадать,0.022058823529411766
"Тому, кто",желает,первый,0.03676470588235294
"Тому, кто",желает,понять,0.007352941176470588
"Тому, кто",желает,прибегнуть,0.007352941176470588
"Тому, кто",желает,придумать,0.014705882352941176
"Тому, кто",желает,прийти,0.014705882352941176
"Тому, кто",желает,против,0.007352941176470588
"Тому, кто",желает,прочесть,0.007352941176470588
"Тому, кто",желает,решить,0.029411764705882353
"Тому, кто",желает,рядом,0.007352941176470588
"Тому, кто",желает,сказать,0.014705882352941176
"Тому, кто",желает,стать,0.007352941176470588
"Тому, кто",желает,судить,0.007352941176470588
"Тому, кто",желает,счастливый,0.007352941176470588
"Тому, кто",желает,так,0.007352941176470588
"Тому, кто",желает,тратить,0.007352941176470588
"Тому, кто",желает,угадать,0.022058823529411766
"Тому, кто",желает,уметь,0.022058823529411766
"Тому, кто",желает,хотеть,0.15441176470588236
"Тому, кто",желает,читать,0.029411764705882353
"Тому, кто",желает,это,0.029411764705882353
"Там, недалеко от кухонной двери, сидел",лис,большой,0.008130081300813009
"Там, недалеко от кухонной двери, сидел",лис,в,0.008130081300813009
"Там, недалеко от кухонной двери, сидел",лис,вдрызг,0.008130081300813009
"Там, недалеко от кухонной двери, сидел",лис,вчера,0.008130081300813009
"Там, недалеко от кухонной двери, сидел",лис,высокий,0.008130081300813009
"Там, недалеко от кухонной двери, сидел",лис,дед,0.016260162601626018
"Там, недалеко от кухонной двери, сидел",лис,дедушка,0.016260162601626018
"Там, недалеко от кухонной двери, сидел",лис,динозавр,0.008130081300813009
"Там, недалеко от кухонной двери, сидел",лис,и,0.016260162601626018
"Там, недалеко от кухонной двери, сидел",лис,кот,0.25203252032520324
"Там, недалеко от кухонной двери, сидел",лис,любимый,0.008130081300813009
"Там, недалеко от кухонной двери, сидел",лис,маленький,0.04878048780487805
"Там, недалеко от кухонной двери, сидел",лис,мальчик,0.008130081300813009
"Там, недалеко от кухонной двери, сидел",лис,мертвец,0.008130081300813009
"Там, недалеко от кухонной двери, сидел",лис,мой,0.008130081300813009
"Там, недалеко от кухонной двери, сидел",лис,молодой,0.016260162601626018
"Там, недалеко от кухонной двери, сидел",лис,мужчина,0.056910569105691054
"Там, недалеко от кухонной двери, сидел",лис,на,0.04878048780487805
"Там, недалеко от кухонной двери, сидел",лис,незнакомый,0.024390243902439025
"Там, недалеко от кухонной двери, сидел",лис,один,0.008130081300813009
"Там, недалеко от кухонной двери, сидел",лис,он,0.04878048780487805
"Там, недалеко от кухонной двери, сидел",лис,отец,0.008130081300813009
"Там, недалеко от кухонной двери, сидел",лис,пап,0.008130081300813009
"Там, недалеко от кухонной двери, сидел",лис,папа,0.032520325203252036
"Там, недалеко от кухонной двери, сидел",лис,петя,0.008130081300813009
"Там, недалеко от кухонной двери, сидел",лис,повар,0.008130081300813009
"Там, недалеко от кухонной двери, сидел",лис,пожилой,0.008130081300813009
"Там, недалеко от кухонной двери, сидел",лис,сидеть,0.008130081300813009
"Там, недалеко от кухонной двери, сидел",лис,старик,0.04878048780487805
"Там, недалеко от кухонной двери, сидел",лис,старый,0.008130081300813009
"Там, недалеко от кухонной двери, сидел",лис,таракан,0.008130081300813009
"Там, недалеко от кухонной двери, сидел",лис,ф,0.008130081300813009
"Там, недалеко от кухонной двери, сидел",лис,человек,0.1951219512195122
"Там, недалеко от кухонной двери, сидел",лис,черный,0.008130081300813009
"Там, недалеко от кухонной двери, сидел",лис,я,0.008130081300813009
Когда родители,пригрозили,ар,0.07692307692307693
Когда родители,пригрозили,баловать,0.07692307692307693
Когда родители,пригрозили,мальчик,0.07692307692307693
Когда родители,пригрозили,не,0.07692307692307693
Когда родители,пригрозили,предложить,0.07692307692307693
Когда родители,пригрозили,ребенок,0.07692307692307693
Когда родители,пригрозили,уезжать,0.07692307692307693
Когда родители,пригрозили,уехать,0.15384615384615385
Когда родители,пригрозили,узнать,0.07692307692307693
Когда родители,пригрозили,уйти,0.07692307692307693
Когда родители,пригрозили,уснуть,0.07692307692307693
Когда родители,пригрозили,уходить,0.07692307692307693
Под рукавом рубашки виднелся тонкий,ремешок,браслет,0.07407407407407407
Под рукавом рубашки виднелся тонкий,ремешок,волос,0.024691358024691357
Под рукавом рубашки виднелся тонкий,ремешок,кинжал,0.012345679012345678
Под рукавом рубашки виднелся тонкий,ремешок,краешек,0.012345679012345678
Под рукавом рубашки виднелся тонкий,ремешок,край,0.012345679012345678
Под рукавом рубашки виднелся тонкий,ремешок,лист,0.012345679012345678
Под рукавом рубашки виднелся тонкий,ремешок,локоть,0.012345679012345678
Под рукавом рубашки виднелся тонкий,ремешок,лоскут,0.024691358024691357
Под рукавом рубашки виднелся тонкий,ремешок,манжет,0.012345679012345678
Под рукавом рубашки виднелся тонкий,ремешок,материал,0.012345679012345678
Под рукавом рубашки виднелся тонкий,ремешок,накрахмаленный,0.012345679012345678
Под рукавом рубашки виднелся тонкий,ремешок,незаметный,0.012345679012345678
Под рукавом рубашки виднелся тонкий,ремешок,нож,0.012345679012345678
Под рукавом рубашки виднелся тонкий,ремешок,носовой,0.012345679012345678
Под рукавом рубашки виднелся тонкий,ремешок,платок,0.037037037037037035
Под рукавом рубашки виднелся тонкий,ремешок,порез,0.012345679012345678
Под рукавом рубашки виднелся тонкий,ремешок,поясок,0.012345679012345678
Под рукавом рубашки виднелся тонкий,ремешок,прозрачный,0.024691358024691357
Под рукавом рубашки виднелся тонкий,ремешок,просвет,0.012345679012345678
Под рукавом рубашки виднелся тонкий,ремешок,ремешок,0.012345679012345678
Под рукавом рубашки виднелся тонкий,ремешок,рубец,0.024691358024691357
Под рукавом рубашки виднелся тонкий,ремешок,сверкать,0.012345679012345678
Под рукавом рубашки виднелся тонкий,ремешок,след,0.08641975308641975
Под рукавом рубашки виднелся тонкий,ремешок,слой,0.1111111111111111
Под рукавом рубашки виднелся тонкий,ремешок,стилет,0.012345679012345678
Под рукавом рубашки виднелся тонкий,ремешок,узор,0.012345679012345678
Под рукавом рубашки виднелся тонкий,ремешок,шнур,0.012345679012345678
Под рукавом рубашки виднелся тонкий,ремешок,шов,0.06172839506172839
Под рукавом рубашки виднелся тонкий,ремешок,шрам,0.2962962962962963
"Не обнаружив ничего в досье, сыщики решили",рыть,бросить,0.06666666666666667
"Не обнаружив ничего в досье, сыщики решили",рыть,быть,0.06666666666666667
"Не обнаружив ничего в досье, сыщики решили",рыть,действовать,0.06666666666666667
"Не обнаружив ничего в досье, сыщики решили",рыть,искать,0.2
"Не обнаружив ничего в досье, сыщики решили",рыть,лично,0.06666666666666667
"Не обнаружив ничего в досье, сыщики решили",рыть,обыскать,0.06666666666666667
"Не обнаружив ничего в досье, сыщики решили",рыть,отправиться,0.06666666666666667
"Не обнаружив ничего в досье, сыщики решили",рыть,пересмотреть,0.06666666666666667
"Не обнаружив ничего в досье, сыщики решили",рыть,поискать,0.06666666666666667
"Не обнаружив ничего в досье, сыщики решили",рыть,приостановить,0.06666666666666667
"Не обнаружив ничего в досье, сыщики решили",рыть,проверить,0.06666666666666667
"Не обнаружив ничего в досье, сыщики решили",рыть,продолжить,0.06666666666666667
"Не обнаружив ничего в досье, сыщики решили",рыть,уйти,0.06666666666666667
Очень хочется заплести,бант,в,0.05
Очень хочется заплести,бант,волос,0.05
Очень хочется заплести,бант,интрига,0.05
Очень хочется заплести,бант,коса,0.6499999999999999
Очень хочется заплести,бант,косичка,0.1
Очень хочется заплести,бант,кто,0.05
Очень хочется заплести,бант,ы,0.05
Он умел из любого,сора,а,0.011627906976744186
Он умел из любого,сора,блюдо,0.011627906976744186
Он умел из любого,сора,болото,0.011627906976744186
Он умел из любого,сора,вздор,0.011627906976744186
Он умел из любого,сора,говна,0.03488372093023256
Он умел из любого,сора,даже,0.011627906976744186
Он умел из любого,сора,делать,0.03488372093023256
Он умел из любого,сора,дело,0.03488372093023256
Он умел из любого,сора,дерево,0.011627906976744186
Он умел из любого,сора,дурак,0.011627906976744186
Он умел из любого,сора,камень,0.011627906976744186
Он умел из любого,сора,материал,0.12790697674418605
Он умел из любого,сора,мусор,0.046511627906976744
Он умел из любого,сора,полена,0.011627906976744186
Он умел из любого,сора,положение,0.09302325581395349
Он умел из любого,сора,предмет,0.10465116279069768
Он умел из любого,сора,промах,0.011627906976744186
Он умел из любого,сора,пустяк,0.11627906976744186
Он умел из любого,сора,разгильдя,0.011627906976744186
Он умел из любого,сора,ребенок,0.03488372093023256
Он умел из любого,сора,слово,0.046511627906976744
Он умел из любого,сора,сложный,0.011627906976744186
Он умел из любого,сора,слон,0.011627906976744186
Он умел из любого,сора,случай,0.011627906976744186
Он умел из любого,сора,событие,0.011627906976744186
Он умел из любого,сора,сора,0.011627906976744186
Он умел из любого,сора,спор,0.011627906976744186
Он умел из любого,сора,ученик,0.03488372093023256
Он умел из любого,сора,хлама,0.03488372093023256
Он умел из любого,сора,хулиган,0.011627906976744186
Он умел из любого,сора,человек,0.046511627906976744
Этот студент,получает,быть,0.23529411764705882
Этот студент,получает,начать,0.058823529411764705
Этот студент,получает,не,0.23529411764705882
Этот студент,получает,оказаться,0.11764705882352941
Этот студент,получает,показать,0.058823529411764705
Этот студент,получает,прогуливать,0.058823529411764705
Этот студент,получает,стать,0.11764705882352941
Этот студент,получает,учиться,0.058823529411764705
Этот студент,получает,часто,0.058823529411764705
"По воскресеньям музыканты, исполнявшие",сонату,блюз,0.04081632653061224
"По воскресеньям музыканты, исполнявшие",сонату,в,0.02040816326530612
"По воскресеньям музыканты, исполнявшие",сонату,вальс,0.02040816326530612
"По воскресеньям музыканты, исполнявшие",сонату,вместе,0.02040816326530612
"По воскресеньям музыканты, исполнявшие",сонату,гимн,0.02040816326530612
"По воскресеньям музыканты, исполнявшие",сонату,главный,0.02040816326530612
"По воскресеньям музыканты, исполнявшие",сонату,джаз,0.08163265306122448
"По воскресеньям музыканты, исполнявшие",сонату,известный,0.02040816326530612
"По воскресеньям музыканты, исполнявшие",сонату,инструментальный,0.02040816326530612
"По воскресеньям музыканты, исполнявшие",сонату,классический,0.04081632653061224
"По воскресеньям музыканты, исполнявшие",сонату,концерт,0.02040816326530612
"По воскресеньям музыканты, исполнявшие",сонату,любимый,0.02040816326530612
"По воскресеньям музыканты, исполнявшие",сонату,мелодия,0.02040816326530612
"По воскресеньям музыканты, исполнявшие",сонату,музыка,0.08163265306122448
"По воскресеньям музыканты, исполнявшие",сонату,музыкальный,0.02040816326530612
"По воскресеньям музыканты, исполнявшие",сонату,на,0.02040816326530612
"По воскресеньям музыканты, исполнявшие",сонату,номер,0.061224489795918366
"По воскресеньям музыканты, исполнявшие",сонату,опера,0.02040816326530612
"По воскресеньям музыканты, исполнявшие",сонату,оперный,0.02040816326530612
"По воскресеньям музыканты, исполнявшие",сонату,песня,0.1020408163265306
"По воскресеньям музыканты, исполнявшие",сонату,произведение,0.08163265306122448
"По воскресеньям музыканты, исполнявшие",сонату,пьеса,0.02040816326530612
"По воскресеньям музыканты, исполнявшие",сонату,различный,0.02040816326530612
"По воскресеньям музыканты, исполнявшие",сонату,роль,0.02040816326530612
"По воскресеньям музыканты, исполнявшие",сонату,свадебный,0.02040816326530612
"По воскресеньям музыканты, исполнявшие",сонату,свой,0.061224489795918366
"По воскресеньям музыканты, исполнявшие",сонату,симфония,0.04081632653061224
"По воскресеньям музыканты, исполнявшие",сонату,существительное,0.02040816326530612
"По воскресеньям музыканты, исполнявшие",сонату,это,0.02040816326530612
В деревнях по-прежнему,мяли,быть,0.2
В деревнях по-прежнему,мяли,готовить,0.06666666666666667
В деревнях по-прежнему,мяли,держать,0.06666666666666667
В деревнях по-прежнему,мяли,жить,0.06666666666666667
В деревнях по-прежнему,мяли,надо,0.06666666666666667
В деревнях по-прежнему,мяли,не,0.06666666666666667
В деревнях по-прежнему,мяли,нет,0.06666666666666667
В деревнях по-прежнему,мяли,остаться,0.13333333333333333
В деревнях по-прежнему,мяли,так,0.06666666666666667
В деревнях по-прежнему,мяли,твориться,0.06666666666666667
В деревнях по-прежнему,мяли,топить,0.13333333333333333
Я сделала,шаг,большой,0.022727272727272728
Я сделала,шаг,борщ,0.011363636363636364
Я сделала,шаг,вдох,0.022727272727272728
Я сделала,шаг,все,0.11363636363636363
Я сделала,шаг,вы,0.011363636363636364
Я сделала,шаг,вывод,0.011363636363636364
Я сделала,шаг,глоток,0.011363636363636364
Я сделала,шаг,глупость,0.011363636363636364
Я сделала,шаг,два,0.011363636363636364
Я сделала,шаг,дело,0.011363636363636364
Я сделала,шаг,домашний,0.022727272727272728
Я сделала,шаг,жест,0.011363636363636364
Я сделала,шаг,задание,0.022727272727272728
Я сделала,шаг,заявка,0.011363636363636364
Я сделала,шаг,знак,0.03409090909090909
Я сделала,шаг,как,0.011363636363636364
Я сделала,шаг,кое-что,0.011363636363636364
Я сделала,шаг,красивый,0.011363636363636364
Я сделала,шаг,кувырка,0.011363636363636364
Я сделала,шаг,маникюр,0.011363636363636364
Я сделала,шаг,наконец,0.011363636363636364
Я сделала,шаг,неловкий,0.011363636363636364
Я сделала,шаг,необходимый,0.011363636363636364
Я сделала,шаг,несколько,0.011363636363636364
Я сделала,шаг,новый,0.011363636363636364
Я сделала,шаг,один,0.011363636363636364
Я сделала,шаг,омлет,0.011363636363636364
Я сделала,шаг,он,0.011363636363636364
Я сделала,шаг,орига,0.011363636363636364
Я сделала,шаг,очень,0.011363636363636364
Я сделала,шаг,ошибка,0.03409090909090909
Я сделала,шаг,пауза,0.011363636363636364
Я сделала,шаг,первый,0.045454545454545456
Я сделала,шаг,пирог,0.011363636363636364
Я сделала,шаг,плохой,0.011363636363636364
Я сделала,шаг,подарок,0.022727272727272728
Я сделала,шаг,попытка,0.011363636363636364
Я сделала,шаг,прическа,0.011363636363636364
Я сделала,шаг,работа,0.03409090909090909
Я сделала,шаг,сделать,0.011363636363636364
Я сделала,шаг,себя,0.022727272727272728
Я сделала,шаг,так,0.011363636363636364
Я сделала,шаг,то,0.045454545454545456
Я сделала,шаг,торт,0.011363636363636364
Я сделала,шаг,ты,0.011363636363636364
Я сделала,шаг,укол,0.011363636363636364
Я сделала,шаг,упражнение,0.011363636363636364
Я сделала,шаг,урок,0.045454545454545456
Я сделала,шаг,шаг,0.056818181818181816
Я сделала,шаг,это,0.03409090909090909
Я сделала,шаг,этот,0.011363636363636364
Я сделала,шаг,яичница,0.011363636363636364
В мои обязанности входило утром включить,рубильник,аппарат,0.058823529411764705
В мои обязанности входило утром включить,рубильник,голова,0.058823529411764705
В мои обязанности входило утром включить,рубильник,компьютер,0.058823529411764705
В мои обязанности входило утром включить,рубильник,музыка,0.058823529411764705
В мои обязанности входило утром включить,рубильник,плита,0.058823529411764705
В мои обязанности входило утром включить,рубильник,радио,0.058823529411764705
В мои обязанности входило утром включить,рубильник,свет,0.29411764705882354
В мои обязанности входило утром включить,рубильник,станок,0.058823529411764705
В мои обязанности входило утром включить,рубильник,чайник,0.29411764705882354
"Выбирая вязаную шапочку, знайте, что лучше шапка цвета",хаки,бежа,0.12
"Выбирая вязаную шапочку, знайте, что лучше шапка цвета",хаки,бежевый,0.02
"Выбирая вязаную шапочку, знайте, что лучше шапка цвета",хаки,бирюза,0.02
"Выбирая вязаную шапочку, знайте, что лучше шапка цвета",хаки,в,0.02
"Выбирая вязаную шапочку, знайте, что лучше шапка цвета",хаки,ваш,0.04
"Выбирая вязаную шапочку, знайте, что лучше шапка цвета",хаки,волос,0.06
"Выбирая вязаную шапочку, знайте, что лучше шапка цвета",хаки,глаз,0.04
"Выбирая вязаную шапочку, знайте, что лучше шапка цвета",хаки,грязь,0.02
"Выбирая вязаную шапочку, знайте, что лучше шапка цвета",хаки,земля,0.02
"Выбирая вязаную шапочку, знайте, что лучше шапка цвета",хаки,кожа,0.02
"Выбирая вязаную шапочку, знайте, что лучше шапка цвета",хаки,куртка,0.02
"Выбирая вязаную шапочку, знайте, что лучше шапка цвета",хаки,молоко,0.04
"Выбирая вязаную шапочку, знайте, что лучше шапка цвета",хаки,море,0.02
"Выбирая вязаную шапочку, знайте, что лучше шапка цвета",хаки,морской,0.02
"Выбирая вязаную шапочку, знайте, что лучше шапка цвета",хаки,небо,0.04
"Выбирая вязаную шапочку, знайте, что лучше шапка цвета",хаки,нейтральный,0.02
"Выбирая вязаную шапочку, знайте, что лучше шапка цвета",хаки,ночь,0.02
"Выбирая вязаную шапочку, знайте, что лучше шапка цвета",хаки,овца,0.02
"Выбирая вязаную шапочку, знайте, что лучше шапка цвета",хаки,снег,0.02
"Выбирая вязаную шапочку, знайте, что лучше шапка цвета",хаки,темный,0.02
"Выбирая вязаную шапочку, знайте, что лучше шапка цвета",хаки,фуксия,0.02
"Выбирая вязаную шапочку, знайте, что лучше шапка цвета",хаки,хаки,0.32
"Выбирая вязаную шапочку, знайте, что лучше шапка цвета",хаки,черный,0.02
"Выбирая вязаную шапочку, знайте, что лучше шапка цвета",хаки,яркий,0.02
"В багажнике были лопата,",лом,аптечка,0.016129032258064516
"В багажнике были лопата,",лом,бейсбольный,0.016129032258064516
"В багажнике были лопата,",лом,бита,0.016129032258064516
"В багажнике были лопата,",лом,ведро,0.12903225806451613
"В багажнике были лопата,",лом,веревка,0.06451612903225806
"В багажнике были лопата,",лом,грабли,0.25806451612903225
"В багажнике были лопата,",лом,домкрат,0.06451612903225806
"В багажнике были лопата,",лом,и,0.016129032258064516
"В багажнике были лопата,",лом,канат,0.016129032258064516
"В багажнике были лопата,",лом,канистр,0.016129032258064516
"В багажнике были лопата,",лом,кирка,0.04838709677419355
"В багажнике были лопата,",лом,колесо,0.016129032258064516
"В багажнике были лопата,",лом,лом,0.016129032258064516
"В багажнике были лопата,",лом,мешок,0.04838709677419355
"В багажнике были лопата,",лом,молоток,0.016129032258064516
"В багажнике были лопата,",лом,огнетушитель,0.016129032258064516
"В багажнике были лопата,",лом,р,0.016129032258064516
"В багажнике были лопата,",лом,совок,0.03225806451612903
"В багажнике были лопата,",лом,тесак,0.016129032258064516
"В багажнике были лопата,",лом,топор,0.12903225806451613
"В багажнике были лопата,",лом,трос,0.016129032258064516
"В багажнике были лопата,",лом,труп,0.016129032258064516
И на берегу озера тогда появляются,русалки,большой,0.024691358024691357
И на берегу озера тогда появляются,русалки,весенний,0.012345679012345678
И на берегу озера тогда появляются,русалки,водоросль,0.012345679012345678
И на берегу озера тогда появляются,русалки,волна,0.06172839506172839
И на берегу озера тогда появляются,русалки,гора,0.012345679012345678
И на берегу озера тогда появляются,русалки,едва,0.012345679012345678
И на берегу озера тогда появляются,русалки,животное,0.024691358024691357
И на берегу озера тогда появляются,русалки,звезда,0.012345679012345678
И на берегу озера тогда появляются,русалки,камыш,0.037037037037037035
И на берегу озера тогда появляются,русалки,красивый,0.012345679012345678
И на берегу озера тогда появляются,русалки,кувшинка,0.024691358024691357
И на берегу озера тогда появляются,русалки,купаться,0.012345679012345678
И на берегу озера тогда появляются,русалки,лебедь,0.012345679012345678
И на берегу озера тогда появляются,русалки,лилия,0.012345679012345678
И на берегу озера тогда появляются,русалки,личинка,0.012345679012345678
И на берегу озера тогда появляются,русалки,лягушка,0.012345679012345678
И на берегу озера тогда появляются,русалки,маленький,0.012345679012345678
И на берегу озера тогда появляются,русалки,машина,0.012345679012345678
И на берегу озера тогда появляются,русалки,молодой,0.012345679012345678
И на берегу озера тогда появляются,русалки,необычный,0.012345679012345678
И на берегу озера тогда появляются,русалки,неожиданно,0.012345679012345678
И на берегу озера тогда появляются,русалки,неясный,0.012345679012345678
И на берегу озера тогда появляются,русалки,новый,0.012345679012345678
И на берегу озера тогда появляются,русалки,огонек,0.024691358024691357
И на берегу озера тогда появляются,русалки,огонь,0.012345679012345678
И на берегу озера тогда появляются,русалки,они,0.012345679012345678
И на берегу озера тогда появляются,русалки,палатка,0.012345679012345678
И на берегу озера тогда появляются,русалки,первый,0.1111111111111111
И на берегу озера тогда появляются,русалки,песочный,0.012345679012345678
И на берегу озера тогда появляются,русалки,прекрасный,0.012345679012345678
И на берегу озера тогда появляются,русалки,признак,0.012345679012345678
И на берегу озера тогда появляются,русалки,разный,0.012345679012345678
И на берегу озера тогда появляются,русалки,растение,0.012345679012345678
И на берегу озера тогда появляются,русалки,ребенок,0.012345679012345678
И на берегу озера тогда появляются,русалки,ромашка,0.012345679012345678
И на берегу озера тогда появляются,русалки,рыба,0.012345679012345678
И на берегу озера тогда появляются,русалки,рыбак,0.037037037037037035
И на берегу озера тогда появляются,русалки,след,0.012345679012345678
И на берегу озера тогда появляются,русалки,странный,0.012345679012345678
И на берегу озера тогда появляются,русалки,такой,0.024691358024691357
И на берегу озера тогда появляются,русалки,тень,0.012345679012345678
И на берегу озера тогда появляются,русалки,турист,0.037037037037037035
И на берегу озера тогда появляются,русалки,туча,0.012345679012345678
И на берегу озера тогда появляются,русалки,уже,0.012345679012345678
И на берегу озера тогда появляются,русалки,утка,0.037037037037037035
И на берегу озера тогда появляются,русалки,утят,0.012345679012345678
И на берегу озера тогда появляются,русалки,фея,0.012345679012345678
И на берегу озера тогда появляются,русалки,цветы,0.012345679012345678
И на берегу озера тогда появляются,русалки,чайка,0.012345679012345678
И на берегу озера тогда появляются,русалки,человек,0.08641975308641975
Автор принадлежит к числу последних свидетелей,страшных,авария,0.01639344262295082
Автор принадлежит к числу последних свидетелей,страшных,большой,0.01639344262295082
Автор принадлежит к числу последних свидетелей,страшных,великий,0.01639344262295082
Автор принадлежит к числу последних свидетелей,страшных,война,0.06557377049180328
Автор принадлежит к числу последних свидетелей,страшных,всемирный,0.01639344262295082
Автор принадлежит к числу последних свидетелей,страшных,его,0.03278688524590164
Автор принадлежит к числу последних свидетелей,страшных,жизнь,0.03278688524590164
Автор принадлежит к числу последних свидетелей,страшных,иегов,0.11475409836065574
Автор принадлежит к числу последних свидетелей,страшных,катастрофа,0.01639344262295082
Автор принадлежит к числу последних свидетелей,страшных,октябрьский,0.01639344262295082
Автор принадлежит к числу последних свидетелей,страшных,падение,0.01639344262295082
Автор принадлежит к числу последних свидетелей,страшных,преступление,0.01639344262295082
Автор принадлежит к числу последних свидетелей,страшных,произойти,0.01639344262295082
Автор принадлежит к числу последних свидетелей,страшных,происшествие,0.04918032786885246
Автор принадлежит к числу последних свидетелей,страшных,пушкина,0.01639344262295082
Автор принадлежит к числу последних свидетелей,страшных,расцвет,0.01639344262295082
Автор принадлежит к числу последних свидетелей,страшных,революция,0.08196721311475409
Автор принадлежит к числу последних свидетелей,страшных,смерть,0.01639344262295082
Автор принадлежит к числу последних свидетелей,страшных,событие,0.06557377049180328
Автор принадлежит к числу последних свидетелей,страшных,ссср,0.01639344262295082
Автор принадлежит к числу последних свидетелей,страшных,старый,0.01639344262295082
Автор принадлежит к числу последних свидетелей,страшных,страшный,0.01639344262295082
Автор принадлежит к числу последних свидетелей,страшных,то,0.09836065573770492
Автор принадлежит к числу последних свидетелей,страшных,тот,0.04918032786885246
Автор принадлежит к числу последних свидетелей,страшных,уйти,0.01639344262295082
Автор принадлежит к числу последних свидетелей,страшных,уходить,0.01639344262295082
Автор принадлежит к числу последних свидетелей,страшных,холокост,0.01639344262295082
Автор принадлежит к числу последних свидетелей,страшных,эпоха,0.01639344262295082
Автор принадлежит к числу последних свидетелей,страшных,это,0.04918032786885246
Автор принадлежит к числу последних свидетелей,страшных,этот,0.04918032786885246
"Музыканты играли на похоронах, разгружали",вагоны,атмосфера,0.05263157894736842
"Музыканты играли на похоронах, разгружали",вагоны,вагон,0.3157894736842105
"Музыканты играли на похоронах, разгружали",вагоны,гроб,0.05263157894736842
"Музыканты играли на похоронах, разгружали",вагоны,и,0.05263157894736842
"Музыканты играли на похоронах, разгружали",вагоны,машина,0.10526315789473684
"Музыканты играли на похоронах, разгружали",вагоны,метр,0.05263157894736842
"Музыканты играли на похоронах, разгружали",вагоны,обстановка,0.10526315789473684
"Музыканты играли на похоронах, разгружали",вагоны,фура,0.05263157894736842
"Музыканты играли на похоронах, разгружали",вагоны,человек,0.10526315789473684
"Музыканты играли на похоронах, разгружали",вагоны,что,0.05263157894736842
"Музыканты играли на похоронах, разгружали",вагоны,ящик,0.05263157894736842
У Пашки,обгорели,быть,0.85
У Пашки,обгорели,вдруг,0.05
У Пашки,обгорели,дом,0.1
"Она почти не изменилась, только слегка",пополнела,осунуться,0.0625
"Она почти не изменилась, только слегка",пополнела,по,0.0625
"Она почти не изменилась, только слегка",пополнела,подобный,0.0625
"Она почти не изменилась, только слегка",пополнела,пополнеть,0.0625
"Она почти не изменилась, только слегка",пополнела,поправиться,0.25
"Она почти не изменилась, только слегка",пополнела,поседеть,0.125
"Она почти не изменилась, только слегка",пополнела,располнеть,0.0625
"Она почти не изменилась, только слегка",пополнела,стареть,0.25
"Она почти не изменилась, только слегка",пополнела,хорошеть,0.0625
"Один футболист, который получил",растяжение,желтый,0.07142857142857142
"Один футболист, который получил",растяжение,звание,0.07142857142857142
"Один футболист, который получил",растяжение,контракт,0.07142857142857142
"Один футболист, который получил",растяжение,красный,0.07142857142857142
"Один футболист, который получил",растяжение,кубок,0.14285714285714285
"Один футболист, который получил",растяжение,награда,0.14285714285714285
"Один футболист, который получил",растяжение,премия,0.14285714285714285
"Один футболист, который получил",растяжение,приз,0.07142857142857142
"Один футболист, который получил",растяжение,рол,0.07142857142857142
"Один футболист, который получил",растяжение,травма,0.07142857142857142
"Один футболист, который получил",растяжение,штрафной,0.07142857142857142
Не поручайте,мужу,важный,0.07228915662650603
Не поручайте,мужу,дело,0.18072289156626506
Не поручайте,мужу,другой,0.024096385542168676
Не поручайте,мужу,идиот,0.012048192771084338
Не поручайте,мужу,никакой,0.024096385542168676
Не поручайте,мужу,никогда,0.04819277108433735
Не поручайте,мужу,никто,0.0963855421686747
Не поручайте,мужу,ничто,0.024096385542168676
Не поручайте,мужу,он,0.10843373493975904
Не поручайте,мужу,она,0.012048192771084338
Не поручайте,мужу,ответственный,0.012048192771084338
Не поручайте,мужу,поручать,0.012048192771084338
Не поручайте,мужу,работа,0.012048192771084338
Не поручайте,мужу,ребенок,0.060240963855421686
Не поручайте,мужу,себя,0.012048192771084338
Не поручайте,мужу,сложный,0.03614457831325302
Не поручайте,мужу,то,0.024096385542168676
Не поручайте,мужу,человек,0.012048192771084338
Не поручайте,мужу,это,0.07228915662650602
Не поручайте,мужу,я,0.14457831325301207
Каждое утро на самый верх,крыши,башня,0.05
Каждое утро на самый верх,крыши,взлетать,0.05
Каждое утро на самый верх,крыши,гора,0.1
Каждое утро на самый верх,крыши,дерево,0.05
Каждое утро на самый верх,крыши,ехать,0.05
Каждое утро на самый верх,крыши,залезать,0.05
Каждое утро на самый верх,крыши,заползать,0.05
Каждое утро на самый верх,крыши,и,0.05
Каждое утро на самый верх,крыши,колокольня,0.05
Каждое утро на самый верх,крыши,крыша,0.15
Каждое утро на самый верх,крыши,лестница,0.1
Каждое утро на самый верх,крыши,метр,0.05
Каждое утро на самый верх,крыши,он,0.05
Каждое утро на самый верх,крыши,она,0.05
Каждое утро на самый верх,крыши,сосна,0.05
Каждое утро на самый верх,крыши,ходить,0.05
"Я слезал, щупал",стога,а,0.058823529411764705
"Я слезал, щупал",стога,в,0.058823529411764705
"Я слезал, щупал",стога,земля,0.058823529411764705
"Я слезал, щупал",стога,и,0.17647058823529413
"Я слезал, щупал",стога,камень,0.058823529411764705
"Я слезал, щупал",стога,колено,0.058823529411764705
"Я слезал, щупал",стога,нога,0.058823529411764705
"Я слезал, щупал",стога,осторожно,0.058823529411764705
"Я слезал, щупал",стога,палец,0.058823529411764705
"Я слезал, щупал",стога,поверхность,0.11764705882352941
"Я слезал, щупал",стога,рука,0.058823529411764705
"Я слезал, щупал",стога,стена,0.058823529411764705
"Я слезал, щупал",стога,ухо,0.058823529411764705
"Я слезал, щупал",стога,этот,0.058823529411764705
Работы выполняет,специалист,группа,0.06666666666666667
Работы выполняет,специалист,квалифицированный,0.13333333333333333
Работы выполняет,специалист,курсант,0.06666666666666667
Работы выполняет,специалист,объединение,0.06666666666666667
Работы выполняет,специалист,один,0.06666666666666667
Работы выполняет,специалист,организация,0.13333333333333333
Работы выполняет,специалист,отряд,0.06666666666666667
Работы выполняет,специалист,подрядный,0.06666666666666667
Работы выполняет,специалист,подрядчик,0.06666666666666667
Работы выполняет,специалист,прораб,0.06666666666666667
Работы выполняет,специалист,студент,0.06666666666666667
Работы выполняет,специалист,только,0.06666666666666667
Работы выполняет,специалист,фирма,0.06666666666666667
Наши власти позволяют себе,излишества,больше,0.08333333333333333
Наши власти позволяют себе,излишества,вольность,0.08333333333333333
Наши власти позволяют себе,излишества,грабить,0.08333333333333333
Наши власти позволяют себе,излишества,забыть,0.08333333333333333
Наши власти позволяют себе,излишества,многое,0.08333333333333333
Наши власти позволяют себе,излишества,наживаться,0.08333333333333333
Наши власти позволяют себе,излишества,нарушать,0.08333333333333333
Наши власти позволяют себе,излишества,слишком,0.3333333333333333
Наши власти позволяют себе,излишества,творить,0.08333333333333333
Здесь потребуется,врач,все,0.041666666666666664
Здесь потребуется,врач,дополнительный,0.041666666666666664
Здесь потребуется,врач,много,0.16666666666666666
Здесь потребуется,врач,не,0.08333333333333333
Здесь потребуется,врач,немало,0.041666666666666664
Здесь потребуется,врач,немного,0.041666666666666664
Здесь потребуется,врач,нож,0.041666666666666664
Здесь потребуется,врач,очень,0.08333333333333333
Здесь потребуется,врач,помощь,0.16666666666666666
Здесь потребуется,врач,приложить,0.08333333333333333
Здесь потребуется,врач,р,0.041666666666666664
Здесь потребуется,врач,сила,0.041666666666666664
Здесь потребуется,врач,твой,0.041666666666666664
Здесь потребуется,врач,уборка,0.041666666666666664
Здесь потребуется,врач,уникальный,0.041666666666666664
Он был очень,неопытным,NOT_FOUND,0.05555555555555555
Он был очень,неопытным,взволнованный,0.1111111111111111
Он был очень,неопытным,ворчливый,0.05555555555555555
Он был очень,неопытным,высокий,0.1111111111111111
Он был очень,неопытным,зло,0.05555555555555555
Он был очень,неопытным,красивый,0.1111111111111111
Он был очень,неопытным,начесть,0.05555555555555555
Он был очень,неопытным,обижный,0.05555555555555555
Он был очень,неопытным,обрадовать,0.05555555555555555
Он был очень,неопытным,привлекательный,0.05555555555555555
Он был очень,неопытным,разговорчивый,0.05555555555555555
Он был очень,неопытным,сильно,0.05555555555555555
Он был очень,неопытным,скромный,0.05555555555555555
Он был очень,неопытным,сложный,0.05555555555555555
Он был очень,неопытным,эмоциональный,0.05555555555555555
И не надо ставить это целью,всей,быть,0.014705882352941176
И не надо ставить это целью,всей,ваш,0.029411764705882353
И не надо ставить это целью,всей,вено,0.014705882352941176
И не надо ставить это целью,всей,весь,0.17647058823529413
И не надо ставить это целью,всей,все,0.014705882352941176
И не надо ставить это целью,всей,для,0.058823529411764705
И не надо ставить это целью,всей,жизнь,0.14705882352941177
И не надо ставить это целью,всей,между,0.014705882352941176
И не надо ставить это целью,всей,наш,0.058823529411764705
И не надо ставить это целью,всей,поскольку,0.014705882352941176
И не надо ставить это целью,всей,разговор,0.014705882352941176
И не надо ставить это целью,всей,свой,0.4117647058823529
И не надо ставить это целью,всей,твой,0.014705882352941176
И не надо ставить это целью,всей,устать,0.014705882352941176
В сюжете этого фильма какие-то,осы,в,0.015384615384615385
В сюжете этого фильма какие-то,осы,герой,0.015384615384615385
В сюжете этого фильма какие-то,осы,деталь,0.046153846153846156
В сюжете этого фильма какие-то,осы,диалог,0.015384615384615385
В сюжете этого фильма какие-то,осы,дыра,0.015384615384615385
В сюжете этого фильма какие-то,осы,критика,0.015384615384615385
В сюжете этого фильма какие-то,осы,не,0.03076923076923077
В сюжете этого фильма какие-то,осы,негодя,0.015384615384615385
В сюжете этого фильма какие-то,осы,неизвестный,0.015384615384615385
В сюжете этого фильма какие-то,осы,непонятный,0.046153846153846156
В сюжете этого фильма какие-то,осы,несоответствие,0.015384615384615385
В сюжете этого фильма какие-то,осы,нестыковка,0.03076923076923077
В сюжете этого фильма какие-то,осы,неточность,0.015384615384615385
В сюжете этого фильма какие-то,осы,неясный,0.03076923076923077
В сюжете этого фильма какие-то,осы,новый,0.015384615384615385
В сюжете этого фильма какие-то,осы,ошибка,0.015384615384615385
В сюжете этого фильма какие-то,осы,персонаж,0.015384615384615385
В сюжете этого фильма какие-то,осы,пришелец,0.015384615384615385
В сюжете этого фильма какие-то,осы,проблеска,0.015384615384615385
В сюжете этого фильма какие-то,осы,ситуация,0.015384615384615385
В сюжете этого фильма какие-то,осы,странность,0.015384615384615385
В сюжете этого фильма какие-то,осы,странный,0.24615384615384617
В сюжете этого фильма какие-то,осы,факт,0.015384615384615385
В сюжете этого фильма какие-то,осы,человек,0.26153846153846155
В сюжете этого фильма какие-то,осы,чудище,0.015384615384615385
В сюжете этого фильма какие-то,осы,школьник,0.015384615384615385
В сюжете этого фильма какие-то,осы,эпизод,0.015384615384615385
На запись голоса,барса,актер,0.02
На запись голоса,барса,в,0.1
На запись голоса,барса,влиять,0.1
На запись голоса,барса,выделяться,0.02
На запись голоса,барса,для,0.04
На запись голоса,барса,из,0.02
На запись голоса,барса,мочь,0.02
На запись голоса,барса,на,0.02
На запись голоса,барса,накладывать,0.02
На запись голоса,барса,наложить,0.04
На запись голоса,барса,наш,0.02
На запись голоса,барса,не,0.02
На запись голоса,барса,необходимый,0.02
На запись голоса,барса,нужный,0.02
На запись голоса,барса,откликнуться,0.02
На запись голоса,барса,певица,0.02
На запись голоса,барса,повлиять,0.02
На запись голоса,барса,пригласить,0.04
На запись голоса,барса,прийти,0.04
На запись голоса,барса,прилетать,0.02
На запись голоса,барса,рахманинов,0.02
На запись голоса,барса,собраться,0.02
На запись голоса,барса,стоматолог,0.02
На запись голоса,барса,требоваться,0.08
На запись голоса,барса,уйти,0.04
На запись голоса,барса,уходить,0.08
На запись голоса,барса,человек,0.02
На запись голоса,барса,ы,0.02
На запись голоса,барса,этот,0.02
На запись голоса,барса,я,0.04
Приблизительно в центре тайги,мопед,быть,0.06666666666666667
Приблизительно в центре тайги,мопед,лось,0.06666666666666667
Приблизительно в центре тайги,мопед,мы,0.06666666666666667
Приблизительно в центре тайги,мопед,находиться,0.4
Приблизительно в центре тайги,мопед,расположенный,0.13333333333333333
Приблизительно в центре тайги,мопед,расположиться,0.06666666666666667
Приблизительно в центре тайги,мопед,стоять,0.2
Создать настоящие шедевры вам помогут,зоркий,в,0.125
Создать настоящие шедевры вам помогут,зоркий,или,0.0625
Создать настоящие шедевры вам помогут,зоркий,кисть,0.0625
Создать настоящие шедевры вам помогут,зоркий,краска,0.0625
Создать настоящие шедевры вам помогут,зоркий,наш,0.4375
Создать настоящие шедевры вам помогут,зоркий,сосредоточенность,0.0625
Создать настоящие шедевры вам помогут,зоркий,такой,0.0625
Создать настоящие шедевры вам помогут,зоркий,учитель,0.0625
Создать настоящие шедевры вам помогут,зоркий,этот,0.0625
"Считается, что коллекционирование",раритетных,картина,0.07142857142857142
"Считается, что коллекционирование",раритетных,марка,0.5714285714285714
"Считается, что коллекционирование",раритетных,монета,0.14285714285714285
"Считается, что коллекционирование",раритетных,развивать,0.07142857142857142
"Считается, что коллекционирование",раритетных,ы,0.07142857142857142
"Считается, что коллекционирование",раритетных,это,0.07142857142857142
Старый шкаф,орехового,быть,0.08333333333333333
Старый шкаф,орехового,в,0.013888888888888888
Старый шкаф,орехового,весь,0.013888888888888888
Старый шкаф,орехового,видать,0.013888888888888888
Старый шкаф,орехового,выкинуть,0.013888888888888888
Старый шкаф,орехового,давно,0.013888888888888888
Старый шкаф,орехового,еще,0.013888888888888888
Старый шкаф,орехового,жалко,0.013888888888888888
Старый шкаф,орехового,заполнить,0.013888888888888888
Старый шкаф,орехового,из,0.027777777777777776
Старый шкаф,орехового,мирно,0.013888888888888888
Старый шкаф,орехового,не,0.013888888888888888
Старый шкаф,орехового,открываться,0.013888888888888888
Старый шкаф,орехового,падать,0.013888888888888888
Старый шкаф,орехового,пережить,0.013888888888888888
Старый шкаф,орехового,покрыть,0.013888888888888888
Старый шкаф,орехового,поскрипывать,0.013888888888888888
Старый шкаф,орехового,простоять,0.013888888888888888
Старый шкаф,орехового,пылиться,0.013888888888888888
Старый шкаф,орехового,разваливаться,0.013888888888888888
Старый шкаф,орехового,с,0.05555555555555555
Старый шкаф,орехового,скрипеть,0.08333333333333334
Старый шкаф,орехового,совсем,0.013888888888888888
Старый шкаф,орехового,стоять,0.4027777777777778
Старый шкаф,орехового,трескаться,0.013888888888888888
Старый шкаф,орехового,уже,0.041666666666666664
Старый шкаф,орехового,хранить,0.027777777777777776
Клиенты воровали из ресторана,атрибутику,вилка,0.36363636363636365
Клиенты воровали из ресторана,атрибутику,еда,0.09090909090909091
Клиенты воровали из ресторана,атрибутику,ложка,0.09090909090909091
Клиенты воровали из ресторана,атрибутику,посуда,0.18181818181818182
Клиенты воровали из ресторана,атрибутику,салфетка,0.09090909090909091
Клиенты воровали из ресторана,атрибутику,столовая,0.18181818181818182
"Думаю, большой",урон,автобус,0.02040816326530612
"Думаю, большой",урон,адронный,0.02040816326530612
"Думаю, большой",урон,беда,0.08163265306122448
"Думаю, большой",урон,взрыв,0.02040816326530612
"Думаю, большой",урон,вклад,0.061224489795918366
"Думаю, большой",урон,вопрос,0.02040816326530612
"Думаю, большой",урон,город,0.02040816326530612
"Думаю, большой",урон,дом,0.08163265306122448
"Думаю, большой",урон,заслуга,0.02040816326530612
"Думаю, большой",урон,и,0.04081632653061224
"Думаю, большой",урон,кусок,0.02040816326530612
"Думаю, большой",урон,куша,0.02040816326530612
"Думаю, большой",урон,мешок,0.02040816326530612
"Думаю, большой",урон,минус,0.02040816326530612
"Думаю, большой",урон,нос,0.02040816326530612
"Думаю, большой",урон,опыт,0.02040816326530612
"Думаю, большой",урон,ошибка,0.061224489795918366
"Думаю, большой",урон,перевес,0.02040816326530612
"Думаю, большой",урон,пирог,0.02040816326530612
"Думаю, большой",урон,плюс,0.02040816326530612
"Думаю, большой",урон,популярность,0.02040816326530612
"Думаю, большой",урон,процент,0.04081632653061224
"Думаю, большой",урон,слон,0.02040816326530612
"Думаю, большой",урон,спрос,0.02040816326530612
"Думаю, большой",урон,стол,0.02040816326530612
"Думаю, большой",урон,сюрприз,0.02040816326530612
"Думаю, большой",урон,успех,0.061224489795918366
"Думаю, большой",урон,чайник,0.04081632653061224
"Думаю, большой",урон,член,0.061224489795918366
"Думаю, большой",урон,шар,0.02040816326530612
"Думаю, большой",урон,шум,0.02040816326530612
"Думаю, большой",урон,ы,0.02040816326530612
Применение микросхемы,даст,в,0.3157894736842105
Применение микросхемы,даст,дать,0.05263157894736842
Применение микросхемы,даст,для,0.05263157894736842
Применение микросхемы,даст,зависеть,0.05263157894736842
Применение микросхемы,даст,к,0.05263157894736842
Применение микросхемы,даст,китай,0.05263157894736842
Применение микросхемы,даст,мочь,0.05263157894736842
Применение микросхемы,даст,позволить,0.15789473684210525
Применение микросхемы,даст,при,0.10526315789473684
Применение микросхемы,даст,привести,0.05263157894736842
Применение микросхемы,даст,являться,0.05263157894736842
Душа требовала,красоты,алкоголь,0.013157894736842105
Душа требовала,красоты,выпить,0.02631578947368421
Душа требовала,красоты,высокий,0.013157894736842105
Душа требовала,красоты,выход,0.013157894736842105
Душа требовала,красоты,действие,0.013157894736842105
Душа требовала,красоты,деньги,0.013157894736842105
Душа требовала,красоты,еще,0.013157894736842105
Душа требовала,красоты,зрелище,0.013157894736842105
Душа требовала,красоты,колбаса,0.013157894736842105
Душа требовала,красоты,ласка,0.013157894736842105
Душа требовала,красоты,любовь,0.10526315789473684
Душа требовала,красоты,напиться,0.013157894736842105
Душа требовала,красоты,невозможный,0.013157894736842105
Душа требовала,красоты,от,0.013157894736842105
Душа требовала,красоты,отдых,0.013157894736842105
Душа требовала,красоты,перемена,0.013157894736842105
Душа требовала,красоты,песня,0.039473684210526314
Душа требовала,красоты,пиво,0.013157894736842105
Душа требовала,красоты,пища,0.02631578947368421
Душа требовала,красоты,покой,0.10526315789473684
Душа требовала,красоты,полет,0.013157894736842105
Душа требовала,красоты,праздник,0.09210526315789473
Душа требовала,красоты,прекрасный,0.013157894736842105
Душа требовала,красоты,приключение,0.013157894736842105
Душа требовала,красоты,продолжение,0.039473684210526314
Душа требовала,красоты,развлечение,0.039473684210526314
Душа требовала,красоты,разврат,0.013157894736842105
Душа требовала,красоты,свобода,0.039473684210526314
Душа требовала,красоты,солнце,0.013157894736842105
Душа требовала,красоты,сыр,0.013157894736842105
Душа требовала,красоты,танец,0.013157894736842105
Душа требовала,красоты,что-нибудь,0.013157894736842105
Душа требовала,красоты,что-то,0.18421052631578946
Он ловко поддел концом,ножа,багор,0.007462686567164179
Он ловко поддел концом,ножа,веревка,0.014925373134328358
Он ловко поддел концом,ножа,весло,0.007462686567164179
Он ловко поддел концом,ножа,вилка,0.05223880597014925
Он ловко поддел концом,ножа,два,0.007462686567164179
Он ловко поддел концом,ножа,ее,0.007462686567164179
Он ловко поддел концом,ножа,зонт,0.007462686567164179
Он ловко поддел концом,ножа,и,0.007462686567164179
Он ловко поддел концом,ножа,игла,0.05970149253731343
Он ловко поддел концом,ножа,иголка,0.014925373134328358
Он ловко поддел концом,ножа,карандаш,0.007462686567164179
Он ловко поддел концом,ножа,клюшка,0.007462686567164179
Он ловко поддел концом,ножа,кнута,0.007462686567164179
Он ловко поддел концом,ножа,кольцо,0.007462686567164179
Он ловко поддел концом,ножа,конец,0.007462686567164179
Он ловко поддел концом,ножа,крючок,0.014925373134328358
Он ловко поддел концом,ножа,легко,0.007462686567164179
Он ловко поддел концом,ножа,ложка,0.022388059701492536
Он ловко поддел концом,ножа,лом,0.007462686567164179
Он ловко поддел концом,ножа,лопата,0.014925373134328358
Он ловко поддел концом,ножа,мочь,0.007462686567164179
Он ловко поддел концом,ножа,нитка,0.007462686567164179
Он ловко поддел концом,ножа,нож,0.1044776119402985
Он ловко поддел концом,ножа,острие,0.007462686567164179
Он ловко поддел концом,ножа,палка,0.3805970149253732
Он ловко поддел концом,ножа,петля,0.007462686567164179
Он ловко поддел концом,ножа,проволока,0.007462686567164179
Он ловко поддел концом,ножа,ракетка,0.007462686567164179
Он ловко поддел концом,ножа,ручка,0.007462686567164179
Он ловко поддел концом,ножа,свой,0.007462686567164179
Он ловко поддел концом,ножа,скальпель,0.007462686567164179
Он ловко поддел концом,ножа,трость,0.029850746268656716
Он ловко поддел концом,ножа,удочка,0.05223880597014925
Он ловко поддел концом,ножа,хвост,0.007462686567164179
Он ловко поддел концом,ножа,что,0.007462686567164179
Он ловко поддел концом,ножа,что-то,0.007462686567164179
Он ловко поддел концом,ножа,шить,0.007462686567164179
Он ловко поддел концом,ножа,шпага,0.04477611940298507
Очень тогда,злые,а,0.014705882352941176
Очень тогда,злые,быть,0.25
Очень тогда,злые,веселый,0.029411764705882353
Очень тогда,злые,видеться,0.014705882352941176
Очень тогда,злые,еще,0.014705882352941176
Очень тогда,злые,жаль,0.029411764705882353
Очень тогда,злые,испугаться,0.014705882352941176
Очень тогда,злые,когда,0.014705882352941176
Очень тогда,злые,ли,0.014705882352941176
Очень тогда,злые,мы,0.029411764705882353
Очень тогда,злые,не,0.014705882352941176
Очень тогда,злые,получаться,0.014705882352941176
Очень тогда,злые,получиться,0.014705882352941176
Очень тогда,злые,приятный,0.029411764705882353
Очень тогда,злые,рад,0.029411764705882353
Очень тогда,злые,разозлиться,0.014705882352941176
Очень тогда,злые,расстроиться,0.029411764705882353
Очень тогда,злые,река,0.014705882352941176
Очень тогда,злые,сильно,0.029411764705882353
Очень тогда,злые,сказать,0.014705882352941176
Очень тогда,злые,совершить,0.014705882352941176
Очень тогда,злые,тяжелый,0.014705882352941176
Очень тогда,злые,удивиться,0.014705882352941176
Очень тогда,злые,хороший,0.029411764705882353
Очень тогда,злые,хотеться,0.1911764705882353
Очень тогда,злые,я,0.08823529411764705
Очень тогда,злые,ясный,0.014705882352941176
В вопросе послышался упрёк,командиру,в,0.3684210526315789
В вопросе послышался упрёк,командиру,все,0.05263157894736842
В вопросе послышался упрёк,командиру,и,0.3157894736842105
В вопросе послышался упрёк,командиру,но,0.05263157894736842
В вопросе послышался упрёк,командиру,обманутый,0.05263157894736842
В вопросе послышался упрёк,командиру,относительно,0.05263157894736842
В вопросе послышался упрёк,командиру,по,0.05263157894736842
В вопросе послышался упрёк,командиру,провиниться,0.05263157894736842
В качестве примера приводится,жирность,аргумент,0.014705882352941176
В качестве примера приводится,жирность,высказывание,0.029411764705882353
В качестве примера приводится,жирность,гипербол,0.014705882352941176
В качестве примера приводится,жирность,задача,0.014705882352941176
В качестве примера приводится,жирность,и,0.014705882352941176
В качестве примера приводится,жирность,изображение,0.014705882352941176
В качестве примера приводится,жирность,история,0.058823529411764705
В качестве примера приводится,жирность,качество,0.014705882352941176
В качестве примера приводится,жирность,лучший,0.014705882352941176
В качестве примера приводится,жирность,немецкий,0.014705882352941176
В качестве примера приводится,жирность,один,0.014705882352941176
В качестве примера приводится,жирность,омерзительно,0.014705882352941176
В качестве примера приводится,жирность,опыт,0.014705882352941176
В качестве примера приводится,жирность,отдельный,0.014705882352941176
В качестве примера приводится,жирность,первый,0.014705882352941176
В качестве примера приводится,жирность,предложение,0.04411764705882353
В качестве примера приводится,жирность,различный,0.014705882352941176
В качестве примера приводится,жирность,рассказ,0.014705882352941176
В качестве примера приводится,жирность,решение,0.029411764705882353
В качестве примера приводится,жирность,с,0.014705882352941176
В качестве примера приводится,жирность,ситуация,0.029411764705882353
В качестве примера приводится,жирность,следующий,0.08823529411764705
В качестве примера приводится,жирность,слово,0.04411764705882353
В качестве примера приводится,жирность,случай,0.14705882352941177
В качестве примера приводится,жирность,стандартный,0.014705882352941176
В качестве примера приводится,жирность,статистика,0.014705882352941176
В качестве примера приводится,жирность,суждение,0.014705882352941176
В качестве примера приводится,жирность,такой,0.029411764705882353
В качестве примера приводится,жирность,текст,0.014705882352941176
В качестве примера приводится,жирность,типичный,0.014705882352941176
В качестве примера приводится,жирность,тот,0.029411764705882353
В качестве примера приводится,жирность,уравнение,0.014705882352941176
В качестве примера приводится,жирность,факт,0.014705882352941176
В качестве примера приводится,жирность,цитата,0.029411764705882353
В качестве примера приводится,жирность,что-то,0.014705882352941176
В качестве примера приводится,жирность,эксперимент,0.014705882352941176
В качестве примера приводится,жирность,это,0.014705882352941176
В качестве примера приводится,жирность,этот,0.04411764705882353
В качестве примера приводится,жирность,явление,0.014705882352941176
В тот момент,атмосфера,казаться,0.0625
В тот момент,атмосфера,когда,0.125
В тот момент,атмосфера,мы,0.0625
В тот момент,атмосфера,никто,0.0625
В тот момент,атмосфера,нужный,0.0625
В тот момент,атмосфера,он,0.3125
В тот момент,атмосфера,она,0.0625
В тот момент,атмосфера,появиться,0.0625
В тот момент,атмосфера,это,0.0625
В тот момент,атмосфера,я,0.125
У мамы есть,подруга,аккаунт,0.012345679012345678
У мамы есть,подруга,вещь,0.012345679012345678
У мамы есть,подруга,возможность,0.012345679012345678
У мамы есть,подруга,два,0.04938271604938271
У мамы есть,подруга,дочь,0.012345679012345678
У мамы есть,подруга,друг,0.012345679012345678
У мамы есть,подруга,дух,0.012345679012345678
У мамы есть,подруга,книга,0.012345679012345678
У мамы есть,подруга,котенок,0.012345679012345678
У мамы есть,подруга,кошка,0.012345679012345678
У мамы есть,подруга,красивый,0.024691358024691357
У мамы есть,подруга,лопата,0.012345679012345678
У мамы есть,подруга,любимый,0.037037037037037035
У мамы есть,подруга,любовник,0.012345679012345678
У мамы есть,подруга,мечта,0.024691358024691357
У мамы есть,подруга,много,0.024691358024691357
У мамы есть,подруга,мы,0.012345679012345678
У мамы есть,подруга,надежда,0.012345679012345678
У мамы есть,подруга,небольшой,0.012345679012345678
У мамы есть,подруга,немного,0.012345679012345678
У мамы есть,подруга,несколько,0.024691358024691357
У мамы есть,подруга,нечто,0.012345679012345678
У мамы есть,подруга,новый,0.012345679012345678
У мамы есть,подруга,один,0.1111111111111111
У мамы есть,подруга,опыт,0.012345679012345678
У мамы есть,подруга,папа,0.037037037037037035
У мамы есть,подруга,пирог,0.012345679012345678
У мамы есть,подруга,платье,0.012345679012345678
У мамы есть,подруга,подруга,0.037037037037037035
У мамы есть,подруга,привычка,0.08641975308641975
У мамы есть,подруга,причина,0.012345679012345678
У мамы есть,подруга,работа,0.012345679012345678
У мамы есть,подруга,ребенок,0.024691358024691357
У мамы есть,подруга,сестра,0.012345679012345678
У мамы есть,подруга,старый,0.012345679012345678
У мамы есть,подруга,сумка,0.024691358024691357
У мамы есть,подруга,сын,0.07407407407407407
У мамы есть,подруга,таинственный,0.012345679012345678
У мамы есть,подруга,талант,0.012345679012345678
У мамы есть,подруга,то,0.024691358024691357
У мамы есть,подруга,три,0.024691358024691357
У мамы есть,подруга,увлечение,0.012345679012345678
У мамы есть,подруга,хороший,0.012345679012345678
У мамы есть,подруга,чувство,0.012345679012345678
У мамы есть,подруга,я,0.012345679012345678
В резервациях,миссионеры,а,0.0625
В резервациях,миссионеры,белый,0.0625
В резервациях,миссионеры,мореплаватель,0.0625
В резервациях,миссионеры,первый,0.0625
В резервациях,миссионеры,переселенец,0.0625
В резервациях,миссионеры,поселенец,0.0625
В резервациях,миссионеры,путешественник,0.125
В резервациях,миссионеры,турист,0.4375
В резервациях,миссионеры,ученый,0.0625
В лесу ветром,трепало,а,0.013157894736842105
В лесу ветром,трепало,валить,0.10526315789473684
В лесу ветром,трепало,вырыть,0.013157894736842105
В лесу ветром,трепало,гнуть,0.05263157894736842
В лесу ветром,трепало,доноситься,0.013157894736842105
В лесу ветром,трепало,занести,0.02631578947368421
В лесу ветром,трепало,качать,0.09210526315789473
В лесу ветром,трепало,клонить,0.013157894736842105
В лесу ветром,трепало,колыхать,0.013157894736842105
В лесу ветром,трепало,кренить,0.013157894736842105
В лесу ветром,трепало,ломать,0.09210526315789473
В лесу ветром,трепало,навеять,0.013157894736842105
В лесу ветром,трепало,нагибать,0.013157894736842105
В лесу ветром,трепало,надуть,0.013157894736842105
В лесу ветром,трепало,наклонить,0.013157894736842105
В лесу ветром,трепало,наломать,0.013157894736842105
В лесу ветром,трепало,намести,0.013157894736842105
В лесу ветром,трепало,нанести,0.02631578947368421
В лесу ветром,трепало,нестись,0.013157894736842105
В лесу ветром,трепало,обдувать,0.013157894736842105
В лесу ветром,трепало,очень,0.013157894736842105
В лесу ветром,трепало,пахнуть,0.013157894736842105
В лесу ветром,трепало,погнуть,0.013157894736842105
В лесу ветром,трепало,подуть,0.013157894736842105
В лесу ветром,трепало,поломать,0.02631578947368421
В лесу ветром,трепало,разбросить,0.013157894736842105
В лесу ветром,трепало,разносить,0.013157894736842105
В лесу ветром,трепало,раскачать,0.013157894736842105
В лесу ветром,трепало,свалять,0.039473684210526314
В лесу ветром,трепало,сдувать,0.013157894736842105
В лесу ветром,трепало,сдунуть,0.06578947368421052
В лесу ветром,трепало,снести,0.06578947368421052
В лесу ветром,трепало,создаваться,0.013157894736842105
В лесу ветром,трепало,срывать,0.013157894736842105
В лесу ветром,трепало,срыть,0.013157894736842105
В лесу ветром,трепало,трепать,0.013157894736842105
В лесу ветром,трепало,унести,0.05263157894736842
В лесу ветром,трепало,шевелить,0.013157894736842105
Государством предлагается,установить,ввести,0.13333333333333333
Государством предлагается,установить,делать,0.06666666666666667
Государством предлагается,установить,использовать,0.13333333333333333
Государством предлагается,установить,множество,0.06666666666666667
Государством предлагается,установить,набор,0.06666666666666667
Государством предлагается,установить,несколько,0.06666666666666667
Государством предлагается,установить,принять,0.06666666666666667
Государством предлагается,установить,программа,0.06666666666666667
Государством предлагается,установить,пройти,0.06666666666666667
Государством предлагается,установить,стандарт,0.06666666666666667
Государством предлагается,установить,такой,0.06666666666666667
Государством предлагается,установить,уникальный,0.06666666666666667
Государством предлагается,установить,управлять,0.06666666666666667
Если мы позволим этим людям,уйти,быть,0.05
Если мы позволим этим людям,уйти,вести,0.05
Если мы позволим этим людям,уйти,делать,0.30000000000000004
Если мы позволим этим людям,уйти,завладеть,0.05
Если мы позволим этим людям,уйти,использовать,0.05
Если мы позволим этим людям,уйти,к,0.05
Если мы позволим этим людям,уйти,найти,0.05
Если мы позволим этим людям,уйти,пользоваться,0.05
Если мы позволим этим людям,уйти,поступить,0.05
Если мы позволим этим людям,уйти,применить,0.05
Если мы позволим этим людям,уйти,продолжать,0.05
Если мы позволим этим людям,уйти,совершить,0.05
Если мы позволим этим людям,уйти,так,0.1
Если мы позволим этим людям,уйти,что,0.05
Володя каким-то образом,узнал,брать,0.008928571428571428
Володя каким-то образом,узнал,быть,0.008928571428571428
Володя каким-то образом,узнал,видеть,0.008928571428571428
Володя каким-то образом,узнал,встать,0.008928571428571428
Володя каким-то образом,узнал,делать,0.008928571428571428
Володя каким-то образом,узнал,добраться,0.008928571428571428
Володя каким-то образом,узнал,догадаться,0.044642857142857144
Володя каким-то образом,узнал,заговорить,0.008928571428571428
Володя каким-то образом,узнал,зайти,0.008928571428571428
Володя каким-то образом,узнал,знать,0.026785714285714284
Володя каким-то образом,узнал,мочь,0.16964285714285715
Володя каким-то образом,узнал,найти,0.026785714285714284
Володя каким-то образом,узнал,начать,0.008928571428571428
Володя каким-то образом,узнал,непостижимый,0.008928571428571428
Володя каким-то образом,узнал,оказаться,0.03571428571428571
Володя каким-то образом,узнал,падать,0.008928571428571428
Володя каким-то образом,узнал,пилить,0.008928571428571428
Володя каким-то образом,узнал,получить,0.026785714285714284
Володя каким-то образом,узнал,понять,0.026785714285714284
Володя каким-то образом,узнал,почувствовать,0.017857142857142856
Володя каким-то образом,узнал,прийти,0.008928571428571428
Володя каким-то образом,узнал,решить,0.017857142857142856
Володя каким-то образом,узнал,самолет,0.008928571428571428
Володя каким-то образом,узнал,стать,0.026785714285714284
Володя каким-то образом,узнал,угадать,0.026785714285714284
Володя каким-то образом,узнал,угадывать,0.008928571428571428
Володя каким-то образом,узнал,узнать,0.17857142857142858
Володя каким-то образом,узнал,уйти,0.008928571428571428
Володя каким-то образом,узнал,улететь,0.008928571428571428
Володя каким-то образом,узнал,уметь,0.09821428571428571
Володя каким-то образом,узнал,умудриться,0.11607142857142858
Володя каким-то образом,узнал,хотеть,0.008928571428571428
На привале у озера,юный,альпинист,0.014925373134328358
На привале у озера,юный,быть,0.029850746268656716
На привале у озера,юный,все,0.029850746268656716
На привале у озера,юный,карась,0.014925373134328358
На привале у озера,юный,лежать,0.014925373134328358
На привале у озера,юный,мы,0.5373134328358209
На привале у озера,юный,оказаться,0.014925373134328358
На привале у озера,юный,он,0.014925373134328358
На привале у озера,юный,они,0.029850746268656716
На привале у озера,юный,отдыхать,0.014925373134328358
На привале у озера,юный,охотник,0.05970149253731343
На привале у озера,юный,поляна,0.014925373134328358
На привале у озера,юный,разбить,0.029850746268656716
На привале у озера,юный,развести,0.014925373134328358
На привале у озера,юный,разложить,0.014925373134328358
На привале у озера,юный,разожать,0.014925373134328358
На привале у озера,юный,расположиться,0.029850746268656716
На привале у озера,юный,сидеть,0.014925373134328358
На привале у озера,юный,случиться,0.014925373134328358
На привале у озера,юный,собраться,0.014925373134328358
На привале у озера,юный,стоять,0.014925373134328358
На привале у озера,юный,три,0.014925373134328358
На привале у озера,юный,турист,0.014925373134328358
На привале у озера,юный,я,0.014925373134328358
Можно будет,бросить,брать,0.015384615384615385
Можно будет,бросить,видеть,0.03076923076923077
Можно будет,бросить,встретиться,0.015384615384615385
Можно будет,бросить,выяснить,0.015384615384615385
Можно будет,бросить,делать,0.1076923076923077
Можно будет,бросить,догадаться,0.03076923076923077
Можно будет,бросить,договориться,0.015384615384615385
Можно будет,бросить,завтра,0.015384615384615385
Можно будет,бросить,зайти,0.015384615384615385
Можно будет,бросить,заказать,0.015384615384615385
Можно будет,бросить,интересоваться,0.015384615384615385
Можно будет,бросить,использовать,0.015384615384615385
Можно будет,бросить,купить,0.015384615384615385
Можно будет,бросить,назвать,0.015384615384615385
Можно будет,бросить,найти,0.046153846153846156
Можно будет,бросить,отдохнуть,0.015384615384615385
Можно будет,бросить,погулять,0.015384615384615385
Можно будет,бросить,поехать,0.03076923076923077
Можно будет,бросить,позвонить,0.015384615384615385
Можно будет,бросить,пойти,0.16923076923076924
Можно будет,бросить,предположить,0.015384615384615385
Можно будет,бросить,приехать,0.015384615384615385
Можно будет,бросить,прийти,0.015384615384615385
Можно будет,бросить,прикинуться,0.015384615384615385
Можно будет,бросить,пробовать,0.015384615384615385
Можно будет,бросить,просить,0.015384615384615385
Можно будет,бросить,работать,0.015384615384615385
Можно будет,бросить,сказать,0.06153846153846154
Можно будет,бросить,смотреть,0.015384615384615385
Можно будет,бросить,собрать,0.015384615384615385
Можно будет,бросить,сойти,0.046153846153846156
Можно будет,бросить,соорудить,0.015384615384615385
Можно будет,бросить,съесть,0.015384615384615385
Можно будет,бросить,танцевать,0.015384615384615385
Можно будет,бросить,узнать,0.015384615384615385
Можно будет,бросить,установить,0.015384615384615385
Можно будет,бросить,хороший,0.015384615384615385
Можно будет,бросить,я,0.03076923076923077
В бассейне,микробы,вещество,0.006802721088435374
В бассейне,микробы,вещь,0.047619047619047616
В бассейне,микробы,вид,0.10204081632653061
В бассейне,микробы,водоросль,0.006802721088435374
В бассейне,микробы,возможность,0.006802721088435374
В бассейне,микробы,гипотеза,0.006802721088435374
В бассейне,микробы,город,0.006802721088435374
В бассейне,микробы,день,0.006802721088435374
В бассейне,микробы,ежик,0.006802721088435374
В бассейне,микробы,животное,0.04081632653061224
В бассейне,микробы,иллюстрация,0.006802721088435374
В бассейне,микробы,интересный,0.006802721088435374
В бассейне,микробы,история,0.006802721088435374
В бассейне,микробы,комар,0.006802721088435374
В бассейне,микробы,личность,0.006802721088435374
В бассейне,микробы,мантра,0.006802721088435374
В бассейне,микробы,место,0.02040816326530612
В бассейне,микробы,мир,0.013605442176870748
В бассейне,микробы,мнение,0.006802721088435374
В бассейне,микробы,множество,0.006802721088435374
В бассейне,микробы,момент,0.006802721088435374
В бассейне,микробы,народ,0.006802721088435374
В бассейне,микробы,насекомое,0.013605442176870748
В бассейне,микробы,необычный,0.006802721088435374
В бассейне,микробы,ниша,0.006802721088435374
В бассейне,микробы,область,0.006802721088435374
В бассейне,микробы,образ,0.006802721088435374
В бассейне,микробы,обстоятельство,0.006802721088435374
В бассейне,микробы,объект,0.02040816326530612
В бассейне,микробы,особый,0.006802721088435374
В бассейне,микробы,особь,0.006802721088435374
В бассейне,микробы,офтальмолог,0.006802721088435374
В бассейне,микробы,персонаж,0.006802721088435374
В бассейне,микробы,понятие,0.027210884353741496
В бассейне,микробы,последний,0.006802721088435374
В бассейне,микробы,предложение,0.006802721088435374
В бассейне,микробы,профессия,0.006802721088435374
В бассейне,микробы,различие,0.006802721088435374
В бассейне,микробы,разновидность,0.006802721088435374
В бассейне,микробы,разный,0.006802721088435374
В бассейне,микробы,редкий,0.006802721088435374
В бассейне,микробы,сила,0.006802721088435374
В бассейне,микробы,система,0.013605442176870748
В бассейне,микробы,ситуация,0.02040816326530612
В бассейне,микробы,сказание,0.006802721088435374
В бассейне,микробы,сказка,0.006802721088435374
В бассейне,микробы,слово,0.061224489795918366
В бассейне,микробы,случай,0.006802721088435374
В бассейне,микробы,способ,0.027210884353741496
В бассейне,микробы,тип,0.013605442176870748
В бассейне,микробы,убеждение,0.006802721088435374
В бассейне,микробы,условие,0.02040816326530612
В бассейне,микробы,человек,0.23809523809523808
В бассейне,микробы,экземпляр,0.006802721088435374
В бассейне,микробы,элемент,0.006802721088435374
В бассейне,микробы,явление,0.047619047619047616
Ей никак не суметь,испечь,быть,0.01652892561983471
Ей никак не суметь,испечь,вовремя,0.024793388429752067
Ей никак не суметь,испечь,встать,0.024793388429752067
Ей никак не суметь,испечь,выбраться,0.04132231404958678
Ей никак не суметь,испечь,выиграть,0.008264462809917356
Ей никак не суметь,испечь,выйти,0.008264462809917356
Ей никак не суметь,испечь,выполнить,0.024793388429752067
Ей никак не суметь,испечь,выучить,0.008264462809917356
Ей никак не суметь,испечь,делать,0.21487603305785125
Ей никак не суметь,испечь,добиться,0.008264462809917356
Ей никак не суметь,испечь,догнать,0.008264462809917356
Ей никак не суметь,испечь,достать,0.024793388429752067
Ей никак не суметь,испечь,жить,0.008264462809917356
Ей никак не суметь,испечь,залезть,0.008264462809917356
Ей никак не суметь,испечь,запрыгнуть,0.008264462809917356
Ей никак не суметь,испечь,заработать,0.008264462809917356
Ей никак не суметь,испечь,избегнуть,0.008264462809917356
Ей никак не суметь,испечь,мы,0.008264462809917356
Ей никак не суметь,испечь,найти,0.008264462809917356
Ей никак не суметь,испечь,научиться,0.008264462809917356
Ей никак не суметь,испечь,он,0.008264462809917356
Ей никак не суметь,испечь,оплатить,0.008264462809917356
Ей никак не суметь,испечь,определиться,0.008264462809917356
Ей никак не суметь,испечь,от,0.008264462809917356
Ей никак не суметь,испечь,отгадать,0.008264462809917356
Ей никак не суметь,испечь,открыть,0.008264462809917356
Ей никак не суметь,испечь,отыскать,0.008264462809917356
Ей никак не суметь,испечь,переплыть,0.008264462809917356
Ей никак не суметь,испечь,перепрыгнуть,0.008264462809917356
Ей никак не суметь,испечь,писать,0.008264462809917356
Ей никак не суметь,испечь,победить,0.024793388429752067
Ей никак не суметь,испечь,познать,0.008264462809917356
Ей никак не суметь,испечь,покинуть,0.008264462809917356
Ей никак не суметь,испечь,получить,0.01652892561983471
Ей никак не суметь,испечь,понять,0.06611570247933884
Ей никак не суметь,испечь,попасть,0.01652892561983471
Ей никак не суметь,испечь,постичь,0.008264462809917356
Ей никак не суметь,испечь,правильно,0.008264462809917356
Ей никак не суметь,испечь,предостеречь,0.008264462809917356
Ей никак не суметь,испечь,преодолеть,0.06611570247933884
Ей никак не суметь,испечь,привыкнуть,0.008264462809917356
Ей никак не суметь,испечь,приехать,0.008264462809917356
Ей никак не суметь,испечь,пройти,0.03305785123966942
Ей никак не суметь,испечь,прыгнуть,0.024793388429752067
Ей никак не суметь,испечь,решить,0.01652892561983471
Ей никак не суметь,испечь,с,0.008264462809917356
Ей никак не суметь,испечь,снова,0.008264462809917356
Ей никак не суметь,испечь,справиться,0.01652892561983471
Ей никак не суметь,испечь,стать,0.008264462809917356
Ей никак не суметь,испечь,сшить,0.008264462809917356
Ей никак не суметь,испечь,убедить,0.008264462809917356
Ей никак не суметь,испечь,угадать,0.024793388429752067
Ей никак не суметь,испечь,узнать,0.008264462809917356
Ей никак не суметь,испечь,уложиться,0.008264462809917356
Ей никак не суметь,испечь,это,0.01652892561983471
Когда она в самолёте,летела,брать,0.007692307692307693
Когда она в самолёте,летела,видеть,0.07692307692307693
Когда она в самолёте,летела,все,0.007692307692307693
Когда она в самолёте,летела,вспомянуть,0.007692307692307693
Когда она в самолёте,летела,держать,0.007692307692307693
Когда она в самолёте,летела,доставать,0.007692307692307693
Когда она в самолёте,летела,достать,0.007692307692307693
Когда она в самолёте,летела,дремать,0.007692307692307693
Когда она в самолёте,летела,думать,0.007692307692307693
Когда она в самолёте,летела,ее,0.007692307692307693
Когда она в самолёте,летела,зайти,0.007692307692307693
Когда она в самолёте,летела,закрыть,0.007692307692307693
Когда она в самолёте,летела,закурить,0.007692307692307693
Когда она в самолёте,летела,заснуть,0.007692307692307693
Когда она в самолёте,летела,захотеть,0.015384615384615385
Когда она в самолёте,летела,красить,0.007692307692307693
Когда она в самолёте,летела,кричать,0.007692307692307693
Когда она в самолёте,летела,лететь,0.19230769230769232
Когда она в самолёте,летела,над,0.007692307692307693
Когда она в самолёте,летела,начинать,0.007692307692307693
Когда она в самолёте,летела,не,0.007692307692307693
Когда она в самолёте,летела,ничто,0.007692307692307693
Когда она в самолёте,летела,один,0.007692307692307693
Когда она в самолёте,летела,она,0.06153846153846154
Когда она в самолёте,летела,пассажир,0.007692307692307693
Когда она в самолёте,летела,попросить,0.03076923076923077
Когда она в самолёте,летела,приговор,0.007692307692307693
Когда она в самолёте,летела,приносить,0.007692307692307693
Когда она в самолёте,летела,прямо,0.007692307692307693
Когда она в самолёте,летела,с,0.007692307692307693
Когда она в самолёте,летела,село,0.03076923076923077
Когда она в самолёте,летела,сидеть,0.06923076923076923
Когда она в самолёте,летела,сказать,0.007692307692307693
Когда она в самолёте,летела,смотреть,0.05384615384615385
Когда она в самолёте,летела,спать,0.038461538461538464
Когда она в самолёте,летела,стать,0.007692307692307693
Когда она в самолёте,летела,то,0.1
Когда она в самолёте,летела,у,0.015384615384615385
Когда она в самолёте,летела,узнать,0.007692307692307693
Когда она в самолёте,летела,уронять,0.007692307692307693
Когда она в самолёте,летела,усесться,0.007692307692307693
Когда она в самолёте,летела,уснуть,0.023076923076923078
Когда она в самолёте,летела,читать,0.05384615384615385
Когда она в самолёте,летела,я,0.007692307692307693
